"output_role","storage_class","promoted_path","source_path","run_id","diagnostic_run_id","config_path","article_git_sha","engine_repo_sha","engine_repo_sha_source","engine_repo_sha_field","source_sha256","promoted_sha256","file_size_bytes","promoted_at"
"score_summary_tex","article_table","/data/jaguir26/local/src/Article-Q-DESN/tables/glofas_application_score_summary__glofas_stage_f_alpha025_scorebalanced_20260624.tex","/data/jaguir26/local/src/Article-Q-DESN/application/outputs/generated/glofas_stage_f_alpha025_full7_confirmation_20260623_d_alpha_025_scorebalanced_synthesis_final/glofas_application_score_summary.tex","glofas_stage_f_alpha025_full7_confirmation_20260623_d_alpha_025_scorebalanced_synthesis_final","glofas_stage_f_alpha025_full7_confirmation_20260623_d_alpha_025_scorebalanced_diagnostic_figures","/data/jaguir26/local/src/Article-Q-DESN/local_trackers/runtime_configs/glofas_stage_f_alpha025_full7_confirmation_20260623/d_alpha_025/synthesis_config_scorebalanced.yaml","706205bc0927df1585bbcf65fd68684edd6bf705","73c043f0436b508808366f312350fd44c2d06771","synthesis_config.dependencies.qdesn_engine_required_commit","dependencies.qdesn_engine_required_commit","9d5ba8bc31feb9c2231d1c92483f52b77b566a7db2744a0b37a35f708384ccdc","9d5ba8bc31feb9c2231d1c92483f52b77b566a7db2744a0b37a35f708384ccdc",401,"2026-06-24 02:45:14 EDT"
"score_summary_csv","article_table","/data/jaguir26/local/src/Article-Q-DESN/tables/glofas_application_score_summary__glofas_stage_f_alpha025_scorebalanced_20260624.csv","/data/jaguir26/local/src/Article-Q-DESN/application/runs/glofas_stage_f_alpha025_full7_confirmation_20260623_d_alpha_025_scorebalanced_synthesis_final/tables/score_summary.csv","glofas_stage_f_alpha025_full7_confirmation_20260623_d_alpha_025_scorebalanced_synthesis_final","glofas_stage_f_alpha025_full7_confirmation_20260623_d_alpha_025_scorebalanced_diagnostic_figures","/data/jaguir26/local/src/Article-Q-DESN/local_trackers/runtime_configs/glofas_stage_f_alpha025_full7_confirmation_20260623/d_alpha_025/synthesis_config_scorebalanced.yaml","706205bc0927df1585bbcf65fd68684edd6bf705","73c043f0436b508808366f312350fd44c2d06771","synthesis_config.dependencies.qdesn_engine_required_commit","dependencies.qdesn_engine_required_commit","a89cfeae6bec8efac8caa2930ae081a861f353efa830079f54c4d1d94c57b3ce","a89cfeae6bec8efac8caa2930ae081a861f353efa830079f54c4d1d94c57b3ce",533,"2026-06-24 02:45:14 EDT"
"post_fit_metrics_by_model","article_table","/data/jaguir26/local/src/Article-Q-DESN/tables/glofas_application_post_fit_metrics_by_model__glofas_stage_f_alpha025_scorebalanced_20260624.csv","/data/jaguir26/local/src/Article-Q-DESN/application/runs/glofas_stage_f_alpha025_full7_confirmation_20260623_d_alpha_025_scorebalanced_synthesis_final/tables/post_fit_metrics_by_model.csv","glofas_stage_f_alpha025_full7_confirmation_20260623_d_alpha_025_scorebalanced_synthesis_final","glofas_stage_f_alpha025_full7_confirmation_20260623_d_alpha_025_scorebalanced_diagnostic_figures","/data/jaguir26/local/src/Article-Q-DESN/local_trackers/runtime_configs/glofas_stage_f_alpha025_full7_confirmation_20260623/d_alpha_025/synthesis_config_scorebalanced.yaml","706205bc0927df1585bbcf65fd68684edd6bf705","73c043f0436b508808366f312350fd44c2d06771","synthesis_config.dependencies.qdesn_engine_required_commit","dependencies.qdesn_engine_required_commit","55b84a6f469bf92cc5c3ba0a2ac1093d39de1c5db2ef2995fec6890daa2dc260","55b84a6f469bf92cc5c3ba0a2ac1093d39de1c5db2ef2995fec6890daa2dc260",728,"2026-06-24 02:45:14 EDT"
"post_fit_metrics_by_horizon","article_table","/data/jaguir26/local/src/Article-Q-DESN/tables/glofas_application_post_fit_metrics_by_horizon__glofas_stage_f_alpha025_scorebalanced_20260624.csv","/data/jaguir26/local/src/Article-Q-DESN/application/runs/glofas_stage_f_alpha025_full7_confirmation_20260623_d_alpha_025_scorebalanced_synthesis_final/tables/post_fit_metrics_by_horizon.csv","glofas_stage_f_alpha025_full7_confirmation_20260623_d_alpha_025_scorebalanced_synthesis_final","glofas_stage_f_alpha025_full7_confirmation_20260623_d_alpha_025_scorebalanced_diagnostic_figures","/data/jaguir26/local/src/Article-Q-DESN/local_trackers/runtime_configs/glofas_stage_f_alpha025_full7_confirmation_20260623/d_alpha_025/synthesis_config_scorebalanced.yaml","706205bc0927df1585bbcf65fd68684edd6bf705","73c043f0436b508808366f312350fd44c2d06771","synthesis_config.dependencies.qdesn_engine_required_commit","dependencies.qdesn_engine_required_commit","afa377731ef1ace86d99fa0f3408f3d822d4c2d47c76a359bc7f5d39473c08ad","afa377731ef1ace86d99fa0f3408f3d822d4c2d47c76a359bc7f5d39473c08ad",11838,"2026-06-24 02:45:14 EDT"
"post_fit_forecast_window_band_check","article_table","/data/jaguir26/local/src/Article-Q-DESN/tables/glofas_application_forecast_window_band_check__glofas_stage_f_alpha025_scorebalanced_20260624.csv","/data/jaguir26/local/src/Article-Q-DESN/application/runs/glofas_stage_f_alpha025_full7_confirmation_20260623_d_alpha_025_scorebalanced_synthesis_final/tables/prediction_quantiles_synthesized.csv","glofas_stage_f_alpha025_full7_confirmation_20260623_d_alpha_025_scorebalanced_synthesis_final","glofas_stage_f_alpha025_full7_confirmation_20260623_d_alpha_025_scorebalanced_diagnostic_figures","/data/jaguir26/local/src/Article-Q-DESN/local_trackers/runtime_configs/glofas_stage_f_alpha025_full7_confirmation_20260623/d_alpha_025/synthesis_config_scorebalanced.yaml","706205bc0927df1585bbcf65fd68684edd6bf705","73c043f0436b508808366f312350fd44c2d06771","synthesis_config.dependencies.qdesn_engine_required_commit","dependencies.qdesn_engine_required_commit","89618d3713a7c9bd008478ec22bf4cfbdc5543c0bce28c7878f7e44da2f005c4","89618d3713a7c9bd008478ec22bf4cfbdc5543c0bce28c7878f7e44da2f005c4",254955,"2026-06-24 02:45:14 EDT"
"post_fit_forecast_window_band_check_uncalibrated","diagnostic_table","/data/jaguir26/local/src/Article-Q-DESN/tables/glofas_application_forecast_window_band_check_uncalibrated__glofas_stage_f_alpha025_scorebalanced_20260624.csv","/data/jaguir26/local/src/Article-Q-DESN/application/runs/glofas_stage_f_alpha025_full7_confirmation_20260623_d_alpha_025_scorebalanced_synthesis_final/tables/prediction_quantiles_synthesized_uncalibrated.csv","glofas_stage_f_alpha025_full7_confirmation_20260623_d_alpha_025_scorebalanced_synthesis_final","glofas_stage_f_alpha025_full7_confirmation_20260623_d_alpha_025_scorebalanced_diagnostic_figures","/data/jaguir26/local/src/Article-Q-DESN/local_trackers/runtime_configs/glofas_stage_f_alpha025_full7_confirmation_20260623/d_alpha_025/synthesis_config_scorebalanced.yaml","706205bc0927df1585bbcf65fd68684edd6bf705","73c043f0436b508808366f312350fd44c2d06771","synthesis_config.dependencies.qdesn_engine_required_commit","dependencies.qdesn_engine_required_commit","363f42fe6fbbfab8461fe1e297f54396e4eae609d40919b13708edfbe7b67397","363f42fe6fbbfab8461fe1e297f54396e4eae609d40919b13708edfbe7b67397",227874,"2026-06-24 02:45:14 EDT"
"spread_calibration_manifest","provenance_snapshot","/data/jaguir26/local/src/Article-Q-DESN/tables/glofas_application_spread_calibration_manifest__glofas_stage_f_alpha025_scorebalanced_20260624.csv","/data/jaguir26/local/src/Article-Q-DESN/application/runs/glofas_stage_f_alpha025_full7_confirmation_20260623_d_alpha_025_scorebalanced_synthesis_final/tables/spread_calibration_manifest.csv","glofas_stage_f_alpha025_full7_confirmation_20260623_d_alpha_025_scorebalanced_synthesis_final","glofas_stage_f_alpha025_full7_confirmation_20260623_d_alpha_025_scorebalanced_diagnostic_figures","/data/jaguir26/local/src/Article-Q-DESN/local_trackers/runtime_configs/glofas_stage_f_alpha025_full7_confirmation_20260623/d_alpha_025/synthesis_config_scorebalanced.yaml","706205bc0927df1585bbcf65fd68684edd6bf705","73c043f0436b508808366f312350fd44c2d06771","synthesis_config.dependencies.qdesn_engine_required_commit","dependencies.qdesn_engine_required_commit","76c8a7fc37d7f70aaa880fce2a04e2b21cfcf66b58c54af684202ab00d350cda","76c8a7fc37d7f70aaa880fce2a04e2b21cfcf66b58c54af684202ab00d350cda",232,"2026-06-24 02:45:14 EDT"
"post_fit_parameter_summary","article_table","/data/jaguir26/local/src/Article-Q-DESN/tables/glofas_application_post_fit_parameter_summary__glofas_stage_f_alpha025_scorebalanced_20260624.csv","/data/jaguir26/local/src/Article-Q-DESN/application/runs/glofas_stage_f_alpha025_full7_confirmation_20260623_d_alpha_025_scorebalanced_diagnostic_figures/tables/vb_convergence_runtime_summary.csv","glofas_stage_f_alpha025_full7_confirmation_20260623_d_alpha_025_scorebalanced_synthesis_final","glofas_stage_f_alpha025_full7_confirmation_20260623_d_alpha_025_scorebalanced_diagnostic_figures","/data/jaguir26/local/src/Article-Q-DESN/local_trackers/runtime_configs/glofas_stage_f_alpha025_full7_confirmation_20260623/d_alpha_025/synthesis_config_scorebalanced.yaml","706205bc0927df1585bbcf65fd68684edd6bf705","73c043f0436b508808366f312350fd44c2d06771","synthesis_config.dependencies.qdesn_engine_required_commit","dependencies.qdesn_engine_required_commit","3f3dfd778e646080aa6f3f3882fafe0beef40e14e322f7dcd1145c43932cbea4","3f3dfd778e646080aa6f3f3882fafe0beef40e14e322f7dcd1145c43932cbea4",3484,"2026-06-24 02:45:14 EDT"
"post_fit_trace_summary","article_table","/data/jaguir26/local/src/Article-Q-DESN/tables/glofas_application_post_fit_trace_summary__glofas_stage_f_alpha025_scorebalanced_20260624.csv","/data/jaguir26/local/src/Article-Q-DESN/application/runs/glofas_stage_f_alpha025_full7_confirmation_20260623_d_alpha_025_scorebalanced_diagnostic_figures/tables/vb_convergence_runtime_summary.csv","glofas_stage_f_alpha025_full7_confirmation_20260623_d_alpha_025_scorebalanced_synthesis_final","glofas_stage_f_alpha025_full7_confirmation_20260623_d_alpha_025_scorebalanced_diagnostic_figures","/data/jaguir26/local/src/Article-Q-DESN/local_trackers/runtime_configs/glofas_stage_f_alpha025_full7_confirmation_20260623/d_alpha_025/synthesis_config_scorebalanced.yaml","706205bc0927df1585bbcf65fd68684edd6bf705","73c043f0436b508808366f312350fd44c2d06771","synthesis_config.dependencies.qdesn_engine_required_commit","dependencies.qdesn_engine_required_commit","3f3dfd778e646080aa6f3f3882fafe0beef40e14e322f7dcd1145c43932cbea4","3f3dfd778e646080aa6f3f3882fafe0beef40e14e322f7dcd1145c43932cbea4",3484,"2026-06-24 02:45:14 EDT"
"launch_readiness_report","article_table","/data/jaguir26/local/src/Article-Q-DESN/tables/glofas_application_launch_readiness_report__glofas_stage_f_alpha025_scorebalanced_20260624.csv","/data/jaguir26/local/src/Article-Q-DESN/application/runs/glofas_stage_f_alpha025_full7_confirmation_20260623_d_alpha_025_scorebalanced_synthesis_final/tables/launch_readiness_report.csv","glofas_stage_f_alpha025_full7_confirmation_20260623_d_alpha_025_scorebalanced_synthesis_final","glofas_stage_f_alpha025_full7_confirmation_20260623_d_alpha_025_scorebalanced_diagnostic_figures","/data/jaguir26/local/src/Article-Q-DESN/local_trackers/runtime_configs/glofas_stage_f_alpha025_full7_confirmation_20260623/d_alpha_025/synthesis_config_scorebalanced.yaml","706205bc0927df1585bbcf65fd68684edd6bf705","73c043f0436b508808366f312350fd44c2d06771","synthesis_config.dependencies.qdesn_engine_required_commit","dependencies.qdesn_engine_required_commit","8462a65f3f9004408a7c5d26a945cb4ea7aa9b0ffb6f867e582cb66971c52f16","8462a65f3f9004408a7c5d26a945cb4ea7aa9b0ffb6f867e582cb66971c52f16",2252,"2026-06-24 02:45:14 EDT"
"launch_readiness_summary","article_table","/data/jaguir26/local/src/Article-Q-DESN/tables/glofas_application_launch_readiness_summary__glofas_stage_f_alpha025_scorebalanced_20260624.txt","/data/jaguir26/local/src/Article-Q-DESN/application/runs/glofas_stage_f_alpha025_full7_confirmation_20260623_d_alpha_025_scorebalanced_synthesis_final/tables/launch_readiness_summary.txt","glofas_stage_f_alpha025_full7_confirmation_20260623_d_alpha_025_scorebalanced_synthesis_final","glofas_stage_f_alpha025_full7_confirmation_20260623_d_alpha_025_scorebalanced_diagnostic_figures","/data/jaguir26/local/src/Article-Q-DESN/local_trackers/runtime_configs/glofas_stage_f_alpha025_full7_confirmation_20260623/d_alpha_025/synthesis_config_scorebalanced.yaml","706205bc0927df1585bbcf65fd68684edd6bf705","73c043f0436b508808366f312350fd44c2d06771","synthesis_config.dependencies.qdesn_engine_required_commit","dependencies.qdesn_engine_required_commit","646c165c93214337cb6669ddf87bd1ee63786270d5a9257af9c48dca69e02dbb","646c165c93214337cb6669ddf87bd1ee63786270d5a9257af9c48dca69e02dbb",557,"2026-06-24 02:45:14 EDT"
"quantile_synthesis_diagnostic_summary","article_table","/data/jaguir26/local/src/Article-Q-DESN/tables/glofas_application_quantile_synthesis_diagnostic_summary__glofas_stage_f_alpha025_scorebalanced_20260624.csv","/data/jaguir26/local/src/Article-Q-DESN/application/runs/glofas_stage_f_alpha025_full7_confirmation_20260623_d_alpha_025_scorebalanced_synthesis_final/tables/quantile_synthesis_diagnostic_summary.csv","glofas_stage_f_alpha025_full7_confirmation_20260623_d_alpha_025_scorebalanced_synthesis_final","glofas_stage_f_alpha025_full7_confirmation_20260623_d_alpha_025_scorebalanced_diagnostic_figures","/data/jaguir26/local/src/Article-Q-DESN/local_trackers/runtime_configs/glofas_stage_f_alpha025_full7_confirmation_20260623/d_alpha_025/synthesis_config_scorebalanced.yaml","706205bc0927df1585bbcf65fd68684edd6bf705","73c043f0436b508808366f312350fd44c2d06771","synthesis_config.dependencies.qdesn_engine_required_commit","dependencies.qdesn_engine_required_commit","4babca739e8180b166896c0171916d3d3404a29d0572230e9921287c7f2e7de7","4babca739e8180b166896c0171916d3d3404a29d0572230e9921287c7f2e7de7",452,"2026-06-24 02:45:14 EDT"
"score_by_quantile","article_table","/data/jaguir26/local/src/Article-Q-DESN/tables/glofas_application_score_by_quantile__glofas_stage_f_alpha025_scorebalanced_20260624.csv","/data/jaguir26/local/src/Article-Q-DESN/application/runs/glofas_stage_f_alpha025_full7_confirmation_20260623_d_alpha_025_scorebalanced_synthesis_final/tables/score_by_quantile.csv","glofas_stage_f_alpha025_full7_confirmation_20260623_d_alpha_025_scorebalanced_synthesis_final","glofas_stage_f_alpha025_full7_confirmation_20260623_d_alpha_025_scorebalanced_diagnostic_figures","/data/jaguir26/local/src/Article-Q-DESN/local_trackers/runtime_configs/glofas_stage_f_alpha025_full7_confirmation_20260623/d_alpha_025/synthesis_config_scorebalanced.yaml","706205bc0927df1585bbcf65fd68684edd6bf705","73c043f0436b508808366f312350fd44c2d06771","synthesis_config.dependencies.qdesn_engine_required_commit","dependencies.qdesn_engine_required_commit","a61fa418cfd38516ad03c49feed02ac395ffc4ca41c8b2847279fbb969843ebc","a61fa418cfd38516ad03c49feed02ac395ffc4ca41c8b2847279fbb969843ebc",275950,"2026-06-24 02:45:14 EDT"
"score_by_interval","article_table","/data/jaguir26/local/src/Article-Q-DESN/tables/glofas_application_score_by_interval__glofas_stage_f_alpha025_scorebalanced_20260624.csv","/data/jaguir26/local/src/Article-Q-DESN/application/runs/glofas_stage_f_alpha025_full7_confirmation_20260623_d_alpha_025_scorebalanced_synthesis_final/tables/score_by_interval.csv","glofas_stage_f_alpha025_full7_confirmation_20260623_d_alpha_025_scorebalanced_synthesis_final","glofas_stage_f_alpha025_full7_confirmation_20260623_d_alpha_025_scorebalanced_diagnostic_figures","/data/jaguir26/local/src/Article-Q-DESN/local_trackers/runtime_configs/glofas_stage_f_alpha025_full7_confirmation_20260623/d_alpha_025/synthesis_config_scorebalanced.yaml","706205bc0927df1585bbcf65fd68684edd6bf705","73c043f0436b508808366f312350fd44c2d06771","synthesis_config.dependencies.qdesn_engine_required_commit","dependencies.qdesn_engine_required_commit","b29de14fb740d20769603386838c102758d17f2f7edce609f599c7c507ca6c9e","b29de14fb740d20769603386838c102758d17f2f7edce609f599c7c507ca6c9e",22903,"2026-06-24 02:45:14 EDT"
"score_by_crps","article_table","/data/jaguir26/local/src/Article-Q-DESN/tables/glofas_application_score_by_crps__glofas_stage_f_alpha025_scorebalanced_20260624.csv","/data/jaguir26/local/src/Article-Q-DESN/application/runs/glofas_stage_f_alpha025_full7_confirmation_20260623_d_alpha_025_scorebalanced_synthesis_final/tables/score_by_crps.csv","glofas_stage_f_alpha025_full7_confirmation_20260623_d_alpha_025_scorebalanced_synthesis_final","glofas_stage_f_alpha025_full7_confirmation_20260623_d_alpha_025_scorebalanced_diagnostic_figures","/data/jaguir26/local/src/Article-Q-DESN/local_trackers/runtime_configs/glofas_stage_f_alpha025_full7_confirmation_20260623/d_alpha_025/synthesis_config_scorebalanced.yaml","706205bc0927df1585bbcf65fd68684edd6bf705","73c043f0436b508808366f312350fd44c2d06771","synthesis_config.dependencies.qdesn_engine_required_commit","dependencies.qdesn_engine_required_commit","2ff66d35afa2bad17514a426157b204876fc306093a0d8ea7d78ca9fff0a298b","2ff66d35afa2bad17514a426157b204876fc306093a0d8ea7d78ca9fff0a298b",6601,"2026-06-24 02:45:14 EDT"
"synthesis_source_readiness","article_table","/data/jaguir26/local/src/Article-Q-DESN/tables/glofas_application_synthesis_source_readiness__glofas_stage_f_alpha025_scorebalanced_20260624.csv","/data/jaguir26/local/src/Article-Q-DESN/application/runs/glofas_stage_f_alpha025_full7_confirmation_20260623_d_alpha_025_scorebalanced_synthesis_final/tables/synthesis_source_readiness.csv","glofas_stage_f_alpha025_full7_confirmation_20260623_d_alpha_025_scorebalanced_synthesis_final","glofas_stage_f_alpha025_full7_confirmation_20260623_d_alpha_025_scorebalanced_diagnostic_figures","/data/jaguir26/local/src/Article-Q-DESN/local_trackers/runtime_configs/glofas_stage_f_alpha025_full7_confirmation_20260623/d_alpha_025/synthesis_config_scorebalanced.yaml","706205bc0927df1585bbcf65fd68684edd6bf705","73c043f0436b508808366f312350fd44c2d06771","synthesis_config.dependencies.qdesn_engine_required_commit","dependencies.qdesn_engine_required_commit","a8356b4961afd100c01dc1ea7e5aefc95652da81412f7cebc5b51ac8d7d6ed9d","a8356b4961afd100c01dc1ea7e5aefc95652da81412f7cebc5b51ac8d7d6ed9d",739,"2026-06-24 02:45:14 EDT"
"qdesn_discrepancy_fit_diagnostics_synthesis","article_table","/data/jaguir26/local/src/Article-Q-DESN/tables/glofas_application_qdesn_discrepancy_fit_diagnostics_synthesis__glofas_stage_f_alpha025_scorebalanced_20260624.csv","/data/jaguir26/local/src/Article-Q-DESN/application/runs/glofas_stage_f_alpha025_full7_confirmation_20260623_d_alpha_025_scorebalanced_synthesis_final/tables/qdesn_discrepancy_fit_diagnostics.csv","glofas_stage_f_alpha025_full7_confirmation_20260623_d_alpha_025_scorebalanced_synthesis_final","glofas_stage_f_alpha025_full7_confirmation_20260623_d_alpha_025_scorebalanced_diagnostic_figures","/data/jaguir26/local/src/Article-Q-DESN/local_trackers/runtime_configs/glofas_stage_f_alpha025_full7_confirmation_20260623/d_alpha_025/synthesis_config_scorebalanced.yaml","706205bc0927df1585bbcf65fd68684edd6bf705","73c043f0436b508808366f312350fd44c2d06771","synthesis_config.dependencies.qdesn_engine_required_commit","dependencies.qdesn_engine_required_commit","99e3d7783820367664fe0592102f7f7a394e3c14449eca5dcd9d724ea473e525","99e3d7783820367664fe0592102f7f7a394e3c14449eca5dcd9d724ea473e525",5889,"2026-06-24 02:45:14 EDT"
"qdesn_discrepancy_vb_iteration_timing","article_table","/data/jaguir26/local/src/Article-Q-DESN/tables/glofas_application_qdesn_discrepancy_vb_iteration_timing__glofas_stage_f_alpha025_scorebalanced_20260624.csv","/data/jaguir26/local/src/Article-Q-DESN/application/runs/glofas_stage_f_alpha025_full7_confirmation_20260623_d_alpha_025_scorebalanced_synthesis_final/tables/qdesn_discrepancy_vb_iteration_timing.csv","glofas_stage_f_alpha025_full7_confirmation_20260623_d_alpha_025_scorebalanced_synthesis_final","glofas_stage_f_alpha025_full7_confirmation_20260623_d_alpha_025_scorebalanced_diagnostic_figures","/data/jaguir26/local/src/Article-Q-DESN/local_trackers/runtime_configs/glofas_stage_f_alpha025_full7_confirmation_20260623/d_alpha_025/synthesis_config_scorebalanced.yaml","706205bc0927df1585bbcf65fd68684edd6bf705","73c043f0436b508808366f312350fd44c2d06771","synthesis_config.dependencies.qdesn_engine_required_commit","dependencies.qdesn_engine_required_commit","37757c06d3680d46de6fdc80e5af95eaa2df4c30535cf45f99e87f027564356c","37757c06d3680d46de6fdc80e5af95eaa2df4c30535cf45f99e87f027564356c",2117582,"2026-06-24 02:45:14 EDT"
"diagnostic_readiness_report","diagnostic_table","/data/jaguir26/local/src/Article-Q-DESN/tables/glofas_application_diagnostic_readiness_report__glofas_stage_f_alpha025_scorebalanced_20260624.csv","/data/jaguir26/local/src/Article-Q-DESN/application/runs/glofas_stage_f_alpha025_full7_confirmation_20260623_d_alpha_025_scorebalanced_diagnostic_figures/tables/diagnostic_readiness_report.csv","glofas_stage_f_alpha025_full7_confirmation_20260623_d_alpha_025_scorebalanced_synthesis_final","glofas_stage_f_alpha025_full7_confirmation_20260623_d_alpha_025_scorebalanced_diagnostic_figures","/data/jaguir26/local/src/Article-Q-DESN/local_trackers/runtime_configs/glofas_stage_f_alpha025_full7_confirmation_20260623/d_alpha_025/synthesis_config_scorebalanced.yaml","706205bc0927df1585bbcf65fd68684edd6bf705","73c043f0436b508808366f312350fd44c2d06771","synthesis_config.dependencies.qdesn_engine_required_commit","dependencies.qdesn_engine_required_commit","3a110fb7ac4f35ce4e84c8d0041317404777acd48b5b56cb9543f92796d410c2","3a110fb7ac4f35ce4e84c8d0041317404777acd48b5b56cb9543f92796d410c2",2181,"2026-06-24 02:45:14 EDT"
"score_relative_improvement","diagnostic_table","/data/jaguir26/local/src/Article-Q-DESN/tables/glofas_application_score_relative_improvement__glofas_stage_f_alpha025_scorebalanced_20260624.csv","/data/jaguir26/local/src/Article-Q-DESN/application/runs/glofas_stage_f_alpha025_full7_confirmation_20260623_d_alpha_025_scorebalanced_diagnostic_figures/tables/score_relative_improvement.csv","glofas_stage_f_alpha025_full7_confirmation_20260623_d_alpha_025_scorebalanced_synthesis_final","glofas_stage_f_alpha025_full7_confirmation_20260623_d_alpha_025_scorebalanced_diagnostic_figures","/data/jaguir26/local/src/Article-Q-DESN/local_trackers/runtime_configs/glofas_stage_f_alpha025_full7_confirmation_20260623/d_alpha_025/synthesis_config_scorebalanced.yaml","706205bc0927df1585bbcf65fd68684edd6bf705","73c043f0436b508808366f312350fd44c2d06771","synthesis_config.dependencies.qdesn_engine_required_commit","dependencies.qdesn_engine_required_commit","df94b53f57d4437142264eba5f6a2c50f5d580ce6322d671fd5377953658c85b","df94b53f57d4437142264eba5f6a2c50f5d580ce6322d671fd5377953658c85b",271,"2026-06-24 02:45:14 EDT"
"interval_score_coverage_summary","diagnostic_table","/data/jaguir26/local/src/Article-Q-DESN/tables/glofas_application_interval_score_coverage_summary__glofas_stage_f_alpha025_scorebalanced_20260624.csv","/data/jaguir26/local/src/Article-Q-DESN/application/runs/glofas_stage_f_alpha025_full7_confirmation_20260623_d_alpha_025_scorebalanced_diagnostic_figures/tables/interval_score_coverage_summary.csv","glofas_stage_f_alpha025_full7_confirmation_20260623_d_alpha_025_scorebalanced_synthesis_final","glofas_stage_f_alpha025_full7_confirmation_20260623_d_alpha_025_scorebalanced_diagnostic_figures","/data/jaguir26/local/src/Article-Q-DESN/local_trackers/runtime_configs/glofas_stage_f_alpha025_full7_confirmation_20260623/d_alpha_025/synthesis_config_scorebalanced.yaml","706205bc0927df1585bbcf65fd68684edd6bf705","73c043f0436b508808366f312350fd44c2d06771","synthesis_config.dependencies.qdesn_engine_required_commit","dependencies.qdesn_engine_required_commit","4e7ff30822a9c40ce8a844a313c25abff5bb487011053e9868619b4098e4cb00","4e7ff30822a9c40ce8a844a313c25abff5bb487011053e9868619b4098e4cb00",278,"2026-06-24 02:45:14 EDT"
"isotonic_adjustment_summary","diagnostic_table","/data/jaguir26/local/src/Article-Q-DESN/tables/glofas_application_isotonic_adjustment_summary__glofas_stage_f_alpha025_scorebalanced_20260624.csv","/data/jaguir26/local/src/Article-Q-DESN/application/runs/glofas_stage_f_alpha025_full7_confirmation_20260623_d_alpha_025_scorebalanced_diagnostic_figures/tables/isotonic_adjustment_summary.csv","glofas_stage_f_alpha025_full7_confirmation_20260623_d_alpha_025_scorebalanced_synthesis_final","glofas_stage_f_alpha025_full7_confirmation_20260623_d_alpha_025_scorebalanced_diagnostic_figures","/data/jaguir26/local/src/Article-Q-DESN/local_trackers/runtime_configs/glofas_stage_f_alpha025_full7_confirmation_20260623/d_alpha_025/synthesis_config_scorebalanced.yaml","706205bc0927df1585bbcf65fd68684edd6bf705","73c043f0436b508808366f312350fd44c2d06771","synthesis_config.dependencies.qdesn_engine_required_commit","dependencies.qdesn_engine_required_commit","b50e6c37de1c84e53707c0ede02b6e17fcd96a6b6551c4307cf881bfd49e7d5c","b50e6c37de1c84e53707c0ede02b6e17fcd96a6b6551c4307cf881bfd49e7d5c",169,"2026-06-24 02:45:14 EDT"
"vb_convergence_runtime_summary","diagnostic_table","/data/jaguir26/local/src/Article-Q-DESN/tables/glofas_application_vb_convergence_runtime_summary__glofas_stage_f_alpha025_scorebalanced_20260624.csv","/data/jaguir26/local/src/Article-Q-DESN/application/runs/glofas_stage_f_alpha025_full7_confirmation_20260623_d_alpha_025_scorebalanced_diagnostic_figures/tables/vb_convergence_runtime_summary.csv","glofas_stage_f_alpha025_full7_confirmation_20260623_d_alpha_025_scorebalanced_synthesis_final","glofas_stage_f_alpha025_full7_confirmation_20260623_d_alpha_025_scorebalanced_diagnostic_figures","/data/jaguir26/local/src/Article-Q-DESN/local_trackers/runtime_configs/glofas_stage_f_alpha025_full7_confirmation_20260623/d_alpha_025/synthesis_config_scorebalanced.yaml","706205bc0927df1585bbcf65fd68684edd6bf705","73c043f0436b508808366f312350fd44c2d06771","synthesis_config.dependencies.qdesn_engine_required_commit","dependencies.qdesn_engine_required_commit","3f3dfd778e646080aa6f3f3882fafe0beef40e14e322f7dcd1145c43932cbea4","3f3dfd778e646080aa6f3f3882fafe0beef40e14e322f7dcd1145c43932cbea4",3484,"2026-06-24 02:45:14 EDT"
"run_config_yaml","provenance_snapshot","/data/jaguir26/local/src/Article-Q-DESN/tables/glofas_application_run_config__glofas_stage_f_alpha025_scorebalanced_20260624.yaml","/data/jaguir26/local/src/Article-Q-DESN/application/runs/glofas_stage_f_alpha025_full7_confirmation_20260623_d_alpha_025_scorebalanced_synthesis_final/manifest/run_config.yaml","glofas_stage_f_alpha025_full7_confirmation_20260623_d_alpha_025_scorebalanced_synthesis_final","glofas_stage_f_alpha025_full7_confirmation_20260623_d_alpha_025_scorebalanced_diagnostic_figures","/data/jaguir26/local/src/Article-Q-DESN/local_trackers/runtime_configs/glofas_stage_f_alpha025_full7_confirmation_20260623/d_alpha_025/synthesis_config_scorebalanced.yaml","706205bc0927df1585bbcf65fd68684edd6bf705","73c043f0436b508808366f312350fd44c2d06771","synthesis_config.dependencies.qdesn_engine_required_commit","dependencies.qdesn_engine_required_commit","5ed87fe638442f5b565e28049cb118a4b666fc06e486fa7a5f1ffca8a337862e","5ed87fe638442f5b565e28049cb118a4b666fc06e486fa7a5f1ffca8a337862e",8839,"2026-06-24 02:45:14 EDT"
"qdesn_discrepancy_fit_manifest","provenance_snapshot","/data/jaguir26/local/src/Article-Q-DESN/tables/glofas_application_fit_manifest__glofas_stage_f_alpha025_scorebalanced_20260624.csv","/data/jaguir26/local/src/Article-Q-DESN/application/runs/glofas_stage_f_alpha025_full7_confirmation_20260623_d_alpha_025_scorebalanced_synthesis_final/tables/fit_status.csv","glofas_stage_f_alpha025_full7_confirmation_20260623_d_alpha_025_scorebalanced_synthesis_final","glofas_stage_f_alpha025_full7_confirmation_20260623_d_alpha_025_scorebalanced_diagnostic_figures","/data/jaguir26/local/src/Article-Q-DESN/local_trackers/runtime_configs/glofas_stage_f_alpha025_full7_confirmation_20260623/d_alpha_025/synthesis_config_scorebalanced.yaml","706205bc0927df1585bbcf65fd68684edd6bf705","73c043f0436b508808366f312350fd44c2d06771","synthesis_config.dependencies.qdesn_engine_required_commit","dependencies.qdesn_engine_required_commit","ec8b30021d68a11b7f922b7b7385ad8e94bdc5d7ac14cad58e783315be4ca00e","ec8b30021d68a11b7f922b7b7385ad8e94bdc5d7ac14cad58e783315be4ca00e",4782,"2026-06-24 02:45:14 EDT"
"qdesn_discrepancy_fit_diagnostics","provenance_snapshot","/data/jaguir26/local/src/Article-Q-DESN/tables/glofas_application_fit_diagnostics__glofas_stage_f_alpha025_scorebalanced_20260624.csv","/data/jaguir26/local/src/Article-Q-DESN/application/runs/glofas_stage_f_alpha025_full7_confirmation_20260623_d_alpha_025_scorebalanced_synthesis_final/tables/qdesn_discrepancy_fit_diagnostics.csv","glofas_stage_f_alpha025_full7_confirmation_20260623_d_alpha_025_scorebalanced_synthesis_final","glofas_stage_f_alpha025_full7_confirmation_20260623_d_alpha_025_scorebalanced_diagnostic_figures","/data/jaguir26/local/src/Article-Q-DESN/local_trackers/runtime_configs/glofas_stage_f_alpha025_full7_confirmation_20260623/d_alpha_025/synthesis_config_scorebalanced.yaml","706205bc0927df1585bbcf65fd68684edd6bf705","73c043f0436b508808366f312350fd44c2d06771","synthesis_config.dependencies.qdesn_engine_required_commit","dependencies.qdesn_engine_required_commit","99e3d7783820367664fe0592102f7f7a394e3c14449eca5dcd9d724ea473e525","99e3d7783820367664fe0592102f7f7a394e3c14449eca5dcd9d724ea473e525",5889,"2026-06-24 02:45:14 EDT"
"discrepancy_corrected_quantile_paths","article_figure","/data/jaguir26/local/src/Article-Q-DESN/figures/glofas_application/glofas_qdesn_discrepancy_corrected_quantile_paths__glofas_stage_f_alpha025_scorebalanced_20260624.pdf","/data/jaguir26/local/src/Article-Q-DESN/application/outputs/generated/glofas_stage_f_alpha025_full7_confirmation_20260623_d_alpha_025_scorebalanced_synthesis_final/figures/glofas_qdesn_discrepancy_corrected_quantile_paths.pdf","glofas_stage_f_alpha025_full7_confirmation_20260623_d_alpha_025_scorebalanced_synthesis_final","glofas_stage_f_alpha025_full7_confirmation_20260623_d_alpha_025_scorebalanced_diagnostic_figures","/data/jaguir26/local/src/Article-Q-DESN/local_trackers/runtime_configs/glofas_stage_f_alpha025_full7_confirmation_20260623/d_alpha_025/synthesis_config_scorebalanced.yaml","706205bc0927df1585bbcf65fd68684edd6bf705","73c043f0436b508808366f312350fd44c2d06771","synthesis_config.dependencies.qdesn_engine_required_commit","dependencies.qdesn_engine_required_commit","4f7821bdc71cc2f074b677a3c9430a14f72e180a574dce9e8b18ccd216f81a60","4f7821bdc71cc2f074b677a3c9430a14f72e180a574dce9e8b18ccd216f81a60",8157,"2026-06-24 02:45:14 EDT"
"discrepancy_draws_by_horizon","article_figure","/data/jaguir26/local/src/Article-Q-DESN/figures/glofas_application/glofas_qdesn_discrepancy_draws_by_horizon__glofas_stage_f_alpha025_scorebalanced_20260624.pdf","/data/jaguir26/local/src/Article-Q-DESN/application/outputs/generated/glofas_stage_f_alpha025_full7_confirmation_20260623_d_alpha_025_scorebalanced_synthesis_final/figures/glofas_qdesn_discrepancy_draws_by_horizon.pdf","glofas_stage_f_alpha025_full7_confirmation_20260623_d_alpha_025_scorebalanced_synthesis_final","glofas_stage_f_alpha025_full7_confirmation_20260623_d_alpha_025_scorebalanced_diagnostic_figures","/data/jaguir26/local/src/Article-Q-DESN/local_trackers/runtime_configs/glofas_stage_f_alpha025_full7_confirmation_20260623/d_alpha_025/synthesis_config_scorebalanced.yaml","706205bc0927df1585bbcf65fd68684edd6bf705","73c043f0436b508808366f312350fd44c2d06771","synthesis_config.dependencies.qdesn_engine_required_commit","dependencies.qdesn_engine_required_commit","a6c910e500e58435a42c537ca7dc5a494253bd6f2f96268827622b6033f171aa","a6c910e500e58435a42c537ca7dc5a494253bd6f2f96268827622b6033f171aa",8051,"2026-06-24 02:45:14 EDT"
"post_fit__forecast_window_pm30","diagnostic_figure","/data/jaguir26/local/src/Article-Q-DESN/figures/glofas_application/diagnostics/glofas_stage_f_d_alpha_025_scorebalanced_qdesn_synthesized_bands__glofas_stage_f_alpha025_scorebalanced_20260624.pdf","/data/jaguir26/local/src/Article-Q-DESN/application/outputs/generated/glofas_stage_f_alpha025_full7_confirmation_20260623_d_alpha_025_scorebalanced_diagnostic_figures/figures/glofas_stage_f_d_alpha_025_scorebalanced_qdesn_synthesized_bands.pdf","glofas_stage_f_alpha025_full7_confirmation_20260623_d_alpha_025_scorebalanced_synthesis_final","glofas_stage_f_alpha025_full7_confirmation_20260623_d_alpha_025_scorebalanced_diagnostic_figures","/data/jaguir26/local/src/Article-Q-DESN/local_trackers/runtime_configs/glofas_stage_f_alpha025_full7_confirmation_20260623/d_alpha_025/synthesis_config_scorebalanced.yaml","706205bc0927df1585bbcf65fd68684edd6bf705","73c043f0436b508808366f312350fd44c2d06771","synthesis_config.dependencies.qdesn_engine_required_commit","dependencies.qdesn_engine_required_commit","c701134d4bb996383aafaf7f26124112524b042925241cde37f2fa1052f2eca1","c701134d4bb996383aafaf7f26124112524b042925241cde37f2fa1052f2eca1",14490,"2026-06-24 02:45:14 EDT"
"post_fit_diagnostic_traces","diagnostic_figure","/data/jaguir26/local/src/Article-Q-DESN/figures/glofas_application/diagnostics/glofas_stage_f_d_alpha_025_scorebalanced_vb_parameter_change_traces__glofas_stage_f_alpha025_scorebalanced_20260624.pdf","/data/jaguir26/local/src/Article-Q-DESN/application/outputs/generated/glofas_stage_f_alpha025_full7_confirmation_20260623_d_alpha_025_scorebalanced_diagnostic_figures/figures/glofas_stage_f_d_alpha_025_scorebalanced_vb_parameter_change_traces.pdf","glofas_stage_f_alpha025_full7_confirmation_20260623_d_alpha_025_scorebalanced_synthesis_final","glofas_stage_f_alpha025_full7_confirmation_20260623_d_alpha_025_scorebalanced_diagnostic_figures","/data/jaguir26/local/src/Article-Q-DESN/local_trackers/runtime_configs/glofas_stage_f_alpha025_full7_confirmation_20260623/d_alpha_025/synthesis_config_scorebalanced.yaml","706205bc0927df1585bbcf65fd68684edd6bf705","73c043f0436b508808366f312350fd44c2d06771","synthesis_config.dependencies.qdesn_engine_required_commit","dependencies.qdesn_engine_required_commit","df310368f2e1943f11d99353769f1eecabd204dd48b8fd76f43e07d69e683b3e","df310368f2e1943f11d99353769f1eecabd204dd48b8fd76f43e07d69e683b3e",18721,"2026-06-24 02:45:14 EDT"
"diagnostic_glofas_stage_f_d_alpha_025_scorebalanced_check_loss_by_quantile","diagnostic_figure","/data/jaguir26/local/src/Article-Q-DESN/figures/glofas_application/diagnostics/glofas_stage_f_d_alpha_025_scorebalanced_check_loss_by_quantile__glofas_stage_f_alpha025_scorebalanced_20260624.pdf","/data/jaguir26/local/src/Article-Q-DESN/application/outputs/generated/glofas_stage_f_alpha025_full7_confirmation_20260623_d_alpha_025_scorebalanced_diagnostic_figures/figures/glofas_stage_f_d_alpha_025_scorebalanced_check_loss_by_quantile.pdf","glofas_stage_f_alpha025_full7_confirmation_20260623_d_alpha_025_scorebalanced_synthesis_final","glofas_stage_f_alpha025_full7_confirmation_20260623_d_alpha_025_scorebalanced_diagnostic_figures","/data/jaguir26/local/src/Article-Q-DESN/local_trackers/runtime_configs/glofas_stage_f_alpha025_full7_confirmation_20260623/d_alpha_025/synthesis_config_scorebalanced.yaml","706205bc0927df1585bbcf65fd68684edd6bf705","73c043f0436b508808366f312350fd44c2d06771","synthesis_config.dependencies.qdesn_engine_required_commit","dependencies.qdesn_engine_required_commit","0a82a5ecb978308e6590d19d9af1b4d7d1e9492ecfa081bf6423f004e9cb6eb6","0a82a5ecb978308e6590d19d9af1b4d7d1e9492ecfa081bf6423f004e9cb6eb6",12924,"2026-06-24 02:45:14 EDT"
"diagnostic_glofas_stage_f_d_alpha_025_scorebalanced_crossing_summary","diagnostic_figure","/data/jaguir26/local/src/Article-Q-DESN/figures/glofas_application/diagnostics/glofas_stage_f_d_alpha_025_scorebalanced_crossing_summary__glofas_stage_f_alpha025_scorebalanced_20260624.pdf","/data/jaguir26/local/src/Article-Q-DESN/application/outputs/generated/glofas_stage_f_alpha025_full7_confirmation_20260623_d_alpha_025_scorebalanced_diagnostic_figures/figures/glofas_stage_f_d_alpha_025_scorebalanced_crossing_summary.pdf","glofas_stage_f_alpha025_full7_confirmation_20260623_d_alpha_025_scorebalanced_synthesis_final","glofas_stage_f_alpha025_full7_confirmation_20260623_d_alpha_025_scorebalanced_diagnostic_figures","/data/jaguir26/local/src/Article-Q-DESN/local_trackers/runtime_configs/glofas_stage_f_alpha025_full7_confirmation_20260623/d_alpha_025/synthesis_config_scorebalanced.yaml","706205bc0927df1585bbcf65fd68684edd6bf705","73c043f0436b508808366f312350fd44c2d06771","synthesis_config.dependencies.qdesn_engine_required_commit","dependencies.qdesn_engine_required_commit","0b925cabb95aa2eaf048817e7ab7f94fda804b519b5680ae54f526dab743478c","0b925cabb95aa2eaf048817e7ab7f94fda804b519b5680ae54f526dab743478c",11762,"2026-06-24 02:45:14 EDT"
"diagnostic_glofas_stage_f_d_alpha_025_scorebalanced_crps_by_horizon","diagnostic_figure","/data/jaguir26/local/src/Article-Q-DESN/figures/glofas_application/diagnostics/glofas_stage_f_d_alpha_025_scorebalanced_crps_by_horizon__glofas_stage_f_alpha025_scorebalanced_20260624.pdf","/data/jaguir26/local/src/Article-Q-DESN/application/outputs/generated/glofas_stage_f_alpha025_full7_confirmation_20260623_d_alpha_025_scorebalanced_diagnostic_figures/figures/glofas_stage_f_d_alpha_025_scorebalanced_crps_by_horizon.pdf","glofas_stage_f_alpha025_full7_confirmation_20260623_d_alpha_025_scorebalanced_synthesis_final","glofas_stage_f_alpha025_full7_confirmation_20260623_d_alpha_025_scorebalanced_diagnostic_figures","/data/jaguir26/local/src/Article-Q-DESN/local_trackers/runtime_configs/glofas_stage_f_alpha025_full7_confirmation_20260623/d_alpha_025/synthesis_config_scorebalanced.yaml","706205bc0927df1585bbcf65fd68684edd6bf705","73c043f0436b508808366f312350fd44c2d06771","synthesis_config.dependencies.qdesn_engine_required_commit","dependencies.qdesn_engine_required_commit","8f65867097332a86bf074fb6d3eb093d85577fd1a93581fb89e03f7e295ba318","8f65867097332a86bf074fb6d3eb093d85577fd1a93581fb89e03f7e295ba318",14245,"2026-06-24 02:45:14 EDT"
"diagnostic_glofas_stage_f_d_alpha_025_scorebalanced_discrepancy_forecast_correction_comparison","diagnostic_figure","/data/jaguir26/local/src/Article-Q-DESN/figures/glofas_application/diagnostics/glofas_stage_f_d_alpha_025_scorebalanced_discrepancy_forecast_correction_comparison__glofas_stage_f_alpha025_scorebalanced_20260624.pdf","/data/jaguir26/local/src/Article-Q-DESN/application/outputs/generated/glofas_stage_f_alpha025_full7_confirmation_20260623_d_alpha_025_scorebalanced_diagnostic_figures/figures/glofas_stage_f_d_alpha_025_scorebalanced_discrepancy_forecast_correction_comparison.pdf","glofas_stage_f_alpha025_full7_confirmation_20260623_d_alpha_025_scorebalanced_synthesis_final","glofas_stage_f_alpha025_full7_confirmation_20260623_d_alpha_025_scorebalanced_diagnostic_figures","/data/jaguir26/local/src/Article-Q-DESN/local_trackers/runtime_configs/glofas_stage_f_alpha025_full7_confirmation_20260623/d_alpha_025/synthesis_config_scorebalanced.yaml","706205bc0927df1585bbcf65fd68684edd6bf705","73c043f0436b508808366f312350fd44c2d06771","synthesis_config.dependencies.qdesn_engine_required_commit","dependencies.qdesn_engine_required_commit","541b478b72bc60b6a00c4610419e396c8d25d32b558830f50e07ecae2128facf","541b478b72bc60b6a00c4610419e396c8d25d32b558830f50e07ecae2128facf",27562,"2026-06-24 02:45:14 EDT"
"diagnostic_glofas_stage_f_d_alpha_025_scorebalanced_discrepancy_prepost_cutoff_window","diagnostic_figure","/data/jaguir26/local/src/Article-Q-DESN/figures/glofas_application/diagnostics/glofas_stage_f_d_alpha_025_scorebalanced_discrepancy_prepost_cutoff_window__glofas_stage_f_alpha025_scorebalanced_20260624.pdf","/data/jaguir26/local/src/Article-Q-DESN/application/outputs/generated/glofas_stage_f_alpha025_full7_confirmation_20260623_d_alpha_025_scorebalanced_diagnostic_figures/figures/glofas_stage_f_d_alpha_025_scorebalanced_discrepancy_prepost_cutoff_window.pdf","glofas_stage_f_alpha025_full7_confirmation_20260623_d_alpha_025_scorebalanced_synthesis_final","glofas_stage_f_alpha025_full7_confirmation_20260623_d_alpha_025_scorebalanced_diagnostic_figures","/data/jaguir26/local/src/Article-Q-DESN/local_trackers/runtime_configs/glofas_stage_f_alpha025_full7_confirmation_20260623/d_alpha_025/synthesis_config_scorebalanced.yaml","706205bc0927df1585bbcf65fd68684edd6bf705","73c043f0436b508808366f312350fd44c2d06771","synthesis_config.dependencies.qdesn_engine_required_commit","dependencies.qdesn_engine_required_commit","2574acf4621e436693100c77a821e678146380bc070b37def51c26eaa0e2dd25","2574acf4621e436693100c77a821e678146380bc070b37def51c26eaa0e2dd25",342515,"2026-06-24 02:45:14 EDT"
"diagnostic_glofas_stage_f_d_alpha_025_scorebalanced_interval_coverage","diagnostic_figure","/data/jaguir26/local/src/Article-Q-DESN/figures/glofas_application/diagnostics/glofas_stage_f_d_alpha_025_scorebalanced_interval_coverage__glofas_stage_f_alpha025_scorebalanced_20260624.pdf","/data/jaguir26/local/src/Article-Q-DESN/application/outputs/generated/glofas_stage_f_alpha025_full7_confirmation_20260623_d_alpha_025_scorebalanced_diagnostic_figures/figures/glofas_stage_f_d_alpha_025_scorebalanced_interval_coverage.pdf","glofas_stage_f_alpha025_full7_confirmation_20260623_d_alpha_025_scorebalanced_synthesis_final","glofas_stage_f_alpha025_full7_confirmation_20260623_d_alpha_025_scorebalanced_diagnostic_figures","/data/jaguir26/local/src/Article-Q-DESN/local_trackers/runtime_configs/glofas_stage_f_alpha025_full7_confirmation_20260623/d_alpha_025/synthesis_config_scorebalanced.yaml","706205bc0927df1585bbcf65fd68684edd6bf705","73c043f0436b508808366f312350fd44c2d06771","synthesis_config.dependencies.qdesn_engine_required_commit","dependencies.qdesn_engine_required_commit","77f999772bbedcad6638ce31286f32b1bc5561ee782c7db0504758155cc747d1","77f999772bbedcad6638ce31286f32b1bc5561ee782c7db0504758155cc747d1",12360,"2026-06-24 02:45:14 EDT"
"diagnostic_glofas_stage_f_d_alpha_025_scorebalanced_isotonic_adjustment","diagnostic_figure","/data/jaguir26/local/src/Article-Q-DESN/figures/glofas_application/diagnostics/glofas_stage_f_d_alpha_025_scorebalanced_isotonic_adjustment__glofas_stage_f_alpha025_scorebalanced_20260624.pdf","/data/jaguir26/local/src/Article-Q-DESN/application/outputs/generated/glofas_stage_f_alpha025_full7_confirmation_20260623_d_alpha_025_scorebalanced_diagnostic_figures/figures/glofas_stage_f_d_alpha_025_scorebalanced_isotonic_adjustment.pdf","glofas_stage_f_alpha025_full7_confirmation_20260623_d_alpha_025_scorebalanced_synthesis_final","glofas_stage_f_alpha025_full7_confirmation_20260623_d_alpha_025_scorebalanced_diagnostic_figures","/data/jaguir26/local/src/Article-Q-DESN/local_trackers/runtime_configs/glofas_stage_f_alpha025_full7_confirmation_20260623/d_alpha_025/synthesis_config_scorebalanced.yaml","706205bc0927df1585bbcf65fd68684edd6bf705","73c043f0436b508808366f312350fd44c2d06771","synthesis_config.dependencies.qdesn_engine_required_commit","dependencies.qdesn_engine_required_commit","5567482069e8b99f444e4ac1d5d588eaa6ef13aa58769692accebe2a907abc59","5567482069e8b99f444e4ac1d5d588eaa6ef13aa58769692accebe2a907abc59",14858,"2026-06-24 02:45:14 EDT"
"diagnostic_glofas_stage_f_d_alpha_025_scorebalanced_qdesn_component_paths","diagnostic_figure","/data/jaguir26/local/src/Article-Q-DESN/figures/glofas_application/diagnostics/glofas_stage_f_d_alpha_025_scorebalanced_qdesn_component_paths__glofas_stage_f_alpha025_scorebalanced_20260624.pdf","/data/jaguir26/local/src/Article-Q-DESN/application/outputs/generated/glofas_stage_f_alpha025_full7_confirmation_20260623_d_alpha_025_scorebalanced_diagnostic_figures/figures/glofas_stage_f_d_alpha_025_scorebalanced_qdesn_component_paths.pdf","glofas_stage_f_alpha025_full7_confirmation_20260623_d_alpha_025_scorebalanced_synthesis_final","glofas_stage_f_alpha025_full7_confirmation_20260623_d_alpha_025_scorebalanced_diagnostic_figures","/data/jaguir26/local/src/Article-Q-DESN/local_trackers/runtime_configs/glofas_stage_f_alpha025_full7_confirmation_20260623/d_alpha_025/synthesis_config_scorebalanced.yaml","706205bc0927df1585bbcf65fd68684edd6bf705","73c043f0436b508808366f312350fd44c2d06771","synthesis_config.dependencies.qdesn_engine_required_commit","dependencies.qdesn_engine_required_commit","16865e1b37fca254e289b863e0f93affd1caea1d23381d7a24ef1a7125584d7f","16865e1b37fca254e289b863e0f93affd1caea1d23381d7a24ef1a7125584d7f",16683,"2026-06-24 02:45:14 EDT"
"diagnostic_glofas_stage_f_d_alpha_025_scorebalanced_qdesn_interval_widths","diagnostic_figure","/data/jaguir26/local/src/Article-Q-DESN/figures/glofas_application/diagnostics/glofas_stage_f_d_alpha_025_scorebalanced_qdesn_interval_widths__glofas_stage_f_alpha025_scorebalanced_20260624.pdf","/data/jaguir26/local/src/Article-Q-DESN/application/outputs/generated/glofas_stage_f_alpha025_full7_confirmation_20260623_d_alpha_025_scorebalanced_diagnostic_figures/figures/glofas_stage_f_d_alpha_025_scorebalanced_qdesn_interval_widths.pdf","glofas_stage_f_alpha025_full7_confirmation_20260623_d_alpha_025_scorebalanced_synthesis_final","glofas_stage_f_alpha025_full7_confirmation_20260623_d_alpha_025_scorebalanced_diagnostic_figures","/data/jaguir26/local/src/Article-Q-DESN/local_trackers/runtime_configs/glofas_stage_f_alpha025_full7_confirmation_20260623/d_alpha_025/synthesis_config_scorebalanced.yaml","706205bc0927df1585bbcf65fd68684edd6bf705","73c043f0436b508808366f312350fd44c2d06771","synthesis_config.dependencies.qdesn_engine_required_commit","dependencies.qdesn_engine_required_commit","e723d087f687adff173cd057a67faa9e12b2ffd669121af89a8d6ab7b794b48f","e723d087f687adff173cd057a67faa9e12b2ffd669121af89a8d6ab7b794b48f",12958,"2026-06-24 02:45:14 EDT"
"diagnostic_glofas_stage_f_d_alpha_025_scorebalanced_qdesn_synthesized_bands","diagnostic_figure","/data/jaguir26/local/src/Article-Q-DESN/figures/glofas_application/diagnostics/glofas_stage_f_d_alpha_025_scorebalanced_qdesn_synthesized_bands__glofas_stage_f_alpha025_scorebalanced_20260624.pdf","/data/jaguir26/local/src/Article-Q-DESN/application/outputs/generated/glofas_stage_f_alpha025_full7_confirmation_20260623_d_alpha_025_scorebalanced_diagnostic_figures/figures/glofas_stage_f_d_alpha_025_scorebalanced_qdesn_synthesized_bands.pdf","glofas_stage_f_alpha025_full7_confirmation_20260623_d_alpha_025_scorebalanced_synthesis_final","glofas_stage_f_alpha025_full7_confirmation_20260623_d_alpha_025_scorebalanced_diagnostic_figures","/data/jaguir26/local/src/Article-Q-DESN/local_trackers/runtime_configs/glofas_stage_f_alpha025_full7_confirmation_20260623/d_alpha_025/synthesis_config_scorebalanced.yaml","706205bc0927df1585bbcf65fd68684edd6bf705","73c043f0436b508808366f312350fd44c2d06771","synthesis_config.dependencies.qdesn_engine_required_commit","dependencies.qdesn_engine_required_commit","c701134d4bb996383aafaf7f26124112524b042925241cde37f2fa1052f2eca1","c701134d4bb996383aafaf7f26124112524b042925241cde37f2fa1052f2eca1",14490,"2026-06-24 02:45:14 EDT"
"diagnostic_glofas_stage_f_d_alpha_025_scorebalanced_raw_vs_qdesn_monotone_paths","diagnostic_figure","/data/jaguir26/local/src/Article-Q-DESN/figures/glofas_application/diagnostics/glofas_stage_f_d_alpha_025_scorebalanced_raw_vs_qdesn_monotone_paths__glofas_stage_f_alpha025_scorebalanced_20260624.pdf","/data/jaguir26/local/src/Article-Q-DESN/application/outputs/generated/glofas_stage_f_alpha025_full7_confirmation_20260623_d_alpha_025_scorebalanced_diagnostic_figures/figures/glofas_stage_f_d_alpha_025_scorebalanced_raw_vs_qdesn_monotone_paths.pdf","glofas_stage_f_alpha025_full7_confirmation_20260623_d_alpha_025_scorebalanced_synthesis_final","glofas_stage_f_alpha025_full7_confirmation_20260623_d_alpha_025_scorebalanced_diagnostic_figures","/data/jaguir26/local/src/Article-Q-DESN/local_trackers/runtime_configs/glofas_stage_f_alpha025_full7_confirmation_20260623/d_alpha_025/synthesis_config_scorebalanced.yaml","706205bc0927df1585bbcf65fd68684edd6bf705","73c043f0436b508808366f312350fd44c2d06771","synthesis_config.dependencies.qdesn_engine_required_commit","dependencies.qdesn_engine_required_commit","03e848ad337906e852058e49c22f5e35dbd63af232d326551c37e5d1a447c679","03e848ad337906e852058e49c22f5e35dbd63af232d326551c37e5d1a447c679",17288,"2026-06-24 02:45:14 EDT"
"diagnostic_glofas_stage_f_d_alpha_025_scorebalanced_readout_norm_summary","diagnostic_figure","/data/jaguir26/local/src/Article-Q-DESN/figures/glofas_application/diagnostics/glofas_stage_f_d_alpha_025_scorebalanced_readout_norm_summary__glofas_stage_f_alpha025_scorebalanced_20260624.pdf","/data/jaguir26/local/src/Article-Q-DESN/application/outputs/generated/glofas_stage_f_alpha025_full7_confirmation_20260623_d_alpha_025_scorebalanced_diagnostic_figures/figures/glofas_stage_f_d_alpha_025_scorebalanced_readout_norm_summary.pdf","glofas_stage_f_alpha025_full7_confirmation_20260623_d_alpha_025_scorebalanced_synthesis_final","glofas_stage_f_alpha025_full7_confirmation_20260623_d_alpha_025_scorebalanced_diagnostic_figures","/data/jaguir26/local/src/Article-Q-DESN/local_trackers/runtime_configs/glofas_stage_f_alpha025_full7_confirmation_20260623/d_alpha_025/synthesis_config_scorebalanced.yaml","706205bc0927df1585bbcf65fd68684edd6bf705","73c043f0436b508808366f312350fd44c2d06771","synthesis_config.dependencies.qdesn_engine_required_commit","dependencies.qdesn_engine_required_commit","584978c6ba8d6eb8e4dc38ac4db4772111146a0c6a0ccbf68a011bb522731c30","584978c6ba8d6eb8e4dc38ac4db4772111146a0c6a0ccbf68a011bb522731c30",12598,"2026-06-24 02:45:14 EDT"
"diagnostic_glofas_stage_f_d_alpha_025_scorebalanced_score_summary","diagnostic_figure","/data/jaguir26/local/src/Article-Q-DESN/figures/glofas_application/diagnostics/glofas_stage_f_d_alpha_025_scorebalanced_score_summary__glofas_stage_f_alpha025_scorebalanced_20260624.pdf","/data/jaguir26/local/src/Article-Q-DESN/application/outputs/generated/glofas_stage_f_alpha025_full7_confirmation_20260623_d_alpha_025_scorebalanced_diagnostic_figures/figures/glofas_stage_f_d_alpha_025_scorebalanced_score_summary.pdf","glofas_stage_f_alpha025_full7_confirmation_20260623_d_alpha_025_scorebalanced_synthesis_final","glofas_stage_f_alpha025_full7_confirmation_20260623_d_alpha_025_scorebalanced_diagnostic_figures","/data/jaguir26/local/src/Article-Q-DESN/local_trackers/runtime_configs/glofas_stage_f_alpha025_full7_confirmation_20260623/d_alpha_025/synthesis_config_scorebalanced.yaml","706205bc0927df1585bbcf65fd68684edd6bf705","73c043f0436b508808366f312350fd44c2d06771","synthesis_config.dependencies.qdesn_engine_required_commit","dependencies.qdesn_engine_required_commit","f9311c495c67d68856789afb2d7c2030eb0eb6fe6da3c415480cc0703e4f68c0","f9311c495c67d68856789afb2d7c2030eb0eb6fe6da3c415480cc0703e4f68c0",12626,"2026-06-24 02:45:14 EDT"
"diagnostic_glofas_stage_f_d_alpha_025_scorebalanced_vb_elbo_traces","diagnostic_figure","/data/jaguir26/local/src/Article-Q-DESN/figures/glofas_application/diagnostics/glofas_stage_f_d_alpha_025_scorebalanced_vb_elbo_traces__glofas_stage_f_alpha025_scorebalanced_20260624.pdf","/data/jaguir26/local/src/Article-Q-DESN/application/outputs/generated/glofas_stage_f_alpha025_full7_confirmation_20260623_d_alpha_025_scorebalanced_diagnostic_figures/figures/glofas_stage_f_d_alpha_025_scorebalanced_vb_elbo_traces.pdf","glofas_stage_f_alpha025_full7_confirmation_20260623_d_alpha_025_scorebalanced_synthesis_final","glofas_stage_f_alpha025_full7_confirmation_20260623_d_alpha_025_scorebalanced_diagnostic_figures","/data/jaguir26/local/src/Article-Q-DESN/local_trackers/runtime_configs/glofas_stage_f_alpha025_full7_confirmation_20260623/d_alpha_025/synthesis_config_scorebalanced.yaml","706205bc0927df1585bbcf65fd68684edd6bf705","73c043f0436b508808366f312350fd44c2d06771","synthesis_config.dependencies.qdesn_engine_required_commit","dependencies.qdesn_engine_required_commit","d23642769cb90be72081c1b5e5cf4c4fd4fa43657713c81f5426519b1b80dc52","d23642769cb90be72081c1b5e5cf4c4fd4fa43657713c81f5426519b1b80dc52",15782,"2026-06-24 02:45:14 EDT"
"diagnostic_glofas_stage_f_d_alpha_025_scorebalanced_vb_parameter_change_traces","diagnostic_figure","/data/jaguir26/local/src/Article-Q-DESN/figures/glofas_application/diagnostics/glofas_stage_f_d_alpha_025_scorebalanced_vb_parameter_change_traces__glofas_stage_f_alpha025_scorebalanced_20260624.pdf","/data/jaguir26/local/src/Article-Q-DESN/application/outputs/generated/glofas_stage_f_alpha025_full7_confirmation_20260623_d_alpha_025_scorebalanced_diagnostic_figures/figures/glofas_stage_f_d_alpha_025_scorebalanced_vb_parameter_change_traces.pdf","glofas_stage_f_alpha025_full7_confirmation_20260623_d_alpha_025_scorebalanced_synthesis_final","glofas_stage_f_alpha025_full7_confirmation_20260623_d_alpha_025_scorebalanced_diagnostic_figures","/data/jaguir26/local/src/Article-Q-DESN/local_trackers/runtime_configs/glofas_stage_f_alpha025_full7_confirmation_20260623/d_alpha_025/synthesis_config_scorebalanced.yaml","706205bc0927df1585bbcf65fd68684edd6bf705","73c043f0436b508808366f312350fd44c2d06771","synthesis_config.dependencies.qdesn_engine_required_commit","dependencies.qdesn_engine_required_commit","df310368f2e1943f11d99353769f1eecabd204dd48b8fd76f43e07d69e683b3e","df310368f2e1943f11d99353769f1eecabd204dd48b8fd76f43e07d69e683b3e",18721,"2026-06-24 02:45:14 EDT"
"diagnostic_glofas_stage_f_d_alpha_025_scorebalanced_vb_runtime_convergence","diagnostic_figure","/data/jaguir26/local/src/Article-Q-DESN/figures/glofas_application/diagnostics/glofas_stage_f_d_alpha_025_scorebalanced_vb_runtime_convergence__glofas_stage_f_alpha025_scorebalanced_20260624.pdf","/data/jaguir26/local/src/Article-Q-DESN/application/outputs/generated/glofas_stage_f_alpha025_full7_confirmation_20260623_d_alpha_025_scorebalanced_diagnostic_figures/figures/glofas_stage_f_d_alpha_025_scorebalanced_vb_runtime_convergence.pdf","glofas_stage_f_alpha025_full7_confirmation_20260623_d_alpha_025_scorebalanced_synthesis_final","glofas_stage_f_alpha025_full7_confirmation_20260623_d_alpha_025_scorebalanced_diagnostic_figures","/data/jaguir26/local/src/Article-Q-DESN/local_trackers/runtime_configs/glofas_stage_f_alpha025_full7_confirmation_20260623/d_alpha_025/synthesis_config_scorebalanced.yaml","706205bc0927df1585bbcf65fd68684edd6bf705","73c043f0436b508808366f312350fd44c2d06771","synthesis_config.dependencies.qdesn_engine_required_commit","dependencies.qdesn_engine_required_commit","8e8ad9ac5182f1ead7f8e4aeaee51a9f8bfe779d811461946f9e0585d2f9ad02","8e8ad9ac5182f1ead7f8e4aeaee51a9f8bfe779d811461946f9e0585d2f9ad02",12801,"2026-06-24 02:45:14 EDT"
