"fit_id","model_id","quantile_level","method","likelihood_family","trace_source","trace_name","iteration","value"
"qdesn_latent_path_rhs_al_vb_main_p50","qdesn_latent_path_rhs_al_vb_main_p50",0.5,"vb","al","vb_diagnostic","elbo",1,-17154.3789909571
"qdesn_latent_path_rhs_al_vb_main_p50","qdesn_latent_path_rhs_al_vb_main_p50",0.5,"vb","al","vb_diagnostic","elbo",2,-13743.2447746025
"qdesn_latent_path_rhs_al_vb_main_p50","qdesn_latent_path_rhs_al_vb_main_p50",0.5,"vb","al","vb_diagnostic","elbo",3,-9425.64200762288
"qdesn_latent_path_rhs_al_vb_main_p50","qdesn_latent_path_rhs_al_vb_main_p50",0.5,"vb","al","vb_diagnostic","elbo",4,-6889.55386155851
"qdesn_latent_path_rhs_al_vb_main_p50","qdesn_latent_path_rhs_al_vb_main_p50",0.5,"vb","al","vb_diagnostic","elbo",5,-5623.24035126809
"qdesn_latent_path_rhs_al_vb_main_p50","qdesn_latent_path_rhs_al_vb_main_p50",0.5,"vb","al","vb_diagnostic","elbo",6,-5038.94766240165
"qdesn_latent_path_rhs_al_vb_main_p50","qdesn_latent_path_rhs_al_vb_main_p50",0.5,"vb","al","vb_diagnostic","elbo",7,-4774.69486441635
"qdesn_latent_path_rhs_al_vb_main_p50","qdesn_latent_path_rhs_al_vb_main_p50",0.5,"vb","al","vb_diagnostic","elbo",8,-4654.07307302842
"qdesn_latent_path_rhs_al_vb_main_p50","qdesn_latent_path_rhs_al_vb_main_p50",0.5,"vb","al","vb_diagnostic","elbo",9,-4596.89470190651
"qdesn_latent_path_rhs_al_vb_main_p50","qdesn_latent_path_rhs_al_vb_main_p50",0.5,"vb","al","vb_diagnostic","elbo",10,-4568.1925589815
"qdesn_latent_path_rhs_al_vb_main_p50","qdesn_latent_path_rhs_al_vb_main_p50",0.5,"vb","al","vb_diagnostic","elbo",11,-4553.14344332232
"qdesn_latent_path_rhs_al_vb_main_p50","qdesn_latent_path_rhs_al_vb_main_p50",0.5,"vb","al","vb_diagnostic","elbo",12,-4544.92165520788
"qdesn_latent_path_rhs_al_vb_main_p50","qdesn_latent_path_rhs_al_vb_main_p50",0.5,"vb","al","vb_diagnostic","elbo",13,-4540.45166576786
"qdesn_latent_path_rhs_al_vb_main_p50","qdesn_latent_path_rhs_al_vb_main_p50",0.5,"vb","al","vb_diagnostic","elbo",14,-4537.97255208356
"qdesn_latent_path_rhs_al_vb_main_p50","qdesn_latent_path_rhs_al_vb_main_p50",0.5,"vb","al","vb_diagnostic","elbo",15,-4536.65032882934
"qdesn_latent_path_rhs_al_vb_main_p50","qdesn_latent_path_rhs_al_vb_main_p50",0.5,"vb","al","vb_diagnostic","elbo",16,-4535.95805639682
"qdesn_latent_path_rhs_al_vb_main_p50","qdesn_latent_path_rhs_al_vb_main_p50",0.5,"vb","al","vb_diagnostic","elbo",17,-4535.67071394316
"qdesn_latent_path_rhs_al_vb_main_p50","qdesn_latent_path_rhs_al_vb_main_p50",0.5,"vb","al","vb_diagnostic","elbo",18,-4535.53812536157
"qdesn_latent_path_rhs_al_vb_main_p50","qdesn_latent_path_rhs_al_vb_main_p50",0.5,"vb","al","vb_diagnostic","elbo",19,-4535.53141626887
"qdesn_latent_path_rhs_al_vb_main_p50","qdesn_latent_path_rhs_al_vb_main_p50",0.5,"vb","al","vb_diagnostic","elbo",20,-4535.38913335028
"qdesn_latent_path_rhs_al_vb_main_p50","qdesn_latent_path_rhs_al_vb_main_p50",0.5,"vb","al","vb_diagnostic","elbo",21,-4535.26185054721
"qdesn_latent_path_rhs_al_vb_main_p50","qdesn_latent_path_rhs_al_vb_main_p50",0.5,"vb","al","vb_diagnostic","elbo",22,-4534.97178348488
"qdesn_latent_path_rhs_al_vb_main_p50","qdesn_latent_path_rhs_al_vb_main_p50",0.5,"vb","al","vb_diagnostic","elbo",23,-4534.71660172792
"qdesn_latent_path_rhs_al_vb_main_p50","qdesn_latent_path_rhs_al_vb_main_p50",0.5,"vb","al","vb_diagnostic","elbo",24,-4534.42503459876
"qdesn_latent_path_rhs_al_vb_main_p50","qdesn_latent_path_rhs_al_vb_main_p50",0.5,"vb","al","vb_diagnostic","elbo",25,-4534.17859258435
"qdesn_latent_path_rhs_al_vb_main_p50","qdesn_latent_path_rhs_al_vb_main_p50",0.5,"vb","al","vb_diagnostic","elbo",26,-4533.90401743209
"qdesn_latent_path_rhs_al_vb_main_p50","qdesn_latent_path_rhs_al_vb_main_p50",0.5,"vb","al","vb_diagnostic","elbo",27,-4533.6361700197
"qdesn_latent_path_rhs_al_vb_main_p50","qdesn_latent_path_rhs_al_vb_main_p50",0.5,"vb","al","vb_diagnostic","elbo",28,-4533.28902223505
"qdesn_latent_path_rhs_al_vb_main_p50","qdesn_latent_path_rhs_al_vb_main_p50",0.5,"vb","al","vb_diagnostic","elbo",29,-4532.89772377681
"qdesn_latent_path_rhs_al_vb_main_p50","qdesn_latent_path_rhs_al_vb_main_p50",0.5,"vb","al","vb_diagnostic","elbo",30,-4532.43104209883
"qdesn_latent_path_rhs_al_vb_main_p50","qdesn_latent_path_rhs_al_vb_main_p50",0.5,"vb","al","vb_diagnostic","elbo",31,-4531.91828816575
"qdesn_latent_path_rhs_al_vb_main_p50","qdesn_latent_path_rhs_al_vb_main_p50",0.5,"vb","al","vb_diagnostic","elbo",32,-4531.39736134726
"qdesn_latent_path_rhs_al_vb_main_p50","qdesn_latent_path_rhs_al_vb_main_p50",0.5,"vb","al","vb_diagnostic","elbo",33,-4530.97537705093
"qdesn_latent_path_rhs_al_vb_main_p50","qdesn_latent_path_rhs_al_vb_main_p50",0.5,"vb","al","vb_diagnostic","elbo",34,-4530.63357337728
"qdesn_latent_path_rhs_al_vb_main_p50","qdesn_latent_path_rhs_al_vb_main_p50",0.5,"vb","al","vb_diagnostic","elbo",35,-4530.25975622884
"qdesn_latent_path_rhs_al_vb_main_p50","qdesn_latent_path_rhs_al_vb_main_p50",0.5,"vb","al","vb_diagnostic","elbo",36,-4530.03712176947
"qdesn_latent_path_rhs_al_vb_main_p50","qdesn_latent_path_rhs_al_vb_main_p50",0.5,"vb","al","vb_diagnostic","elbo",37,-4529.70641095634
"qdesn_latent_path_rhs_al_vb_main_p50","qdesn_latent_path_rhs_al_vb_main_p50",0.5,"vb","al","vb_diagnostic","elbo",38,-4529.51927100755
"qdesn_latent_path_rhs_al_vb_main_p50","qdesn_latent_path_rhs_al_vb_main_p50",0.5,"vb","al","vb_diagnostic","elbo",39,-4529.21980474819
"qdesn_latent_path_rhs_al_vb_main_p50","qdesn_latent_path_rhs_al_vb_main_p50",0.5,"vb","al","vb_diagnostic","elbo",40,-4529.02791809563
"qdesn_latent_path_rhs_al_vb_main_p50","qdesn_latent_path_rhs_al_vb_main_p50",0.5,"vb","al","vb_diagnostic","elbo",41,-4528.74760090406
"qdesn_latent_path_rhs_al_vb_main_p50","qdesn_latent_path_rhs_al_vb_main_p50",0.5,"vb","al","vb_diagnostic","elbo",42,-4528.64932252823
"qdesn_latent_path_rhs_al_vb_main_p50","qdesn_latent_path_rhs_al_vb_main_p50",0.5,"vb","al","vb_diagnostic","elbo",43,-4528.48383908246
"qdesn_latent_path_rhs_al_vb_main_p50","qdesn_latent_path_rhs_al_vb_main_p50",0.5,"vb","al","vb_diagnostic","elbo",44,-4528.61274014973
"qdesn_latent_path_rhs_al_vb_main_p50","qdesn_latent_path_rhs_al_vb_main_p50",0.5,"vb","al","vb_diagnostic","elbo",45,-4528.53888899865
"qdesn_latent_path_rhs_al_vb_main_p50","qdesn_latent_path_rhs_al_vb_main_p50",0.5,"vb","al","vb_diagnostic","elbo",46,-4528.78466114815
"qdesn_latent_path_rhs_al_vb_main_p50","qdesn_latent_path_rhs_al_vb_main_p50",0.5,"vb","al","vb_diagnostic","elbo",47,-4528.38050831302
"qdesn_latent_path_rhs_al_vb_main_p50","qdesn_latent_path_rhs_al_vb_main_p50",0.5,"vb","al","vb_diagnostic","elbo",48,-4528.20259717644
"qdesn_latent_path_rhs_al_vb_main_p50","qdesn_latent_path_rhs_al_vb_main_p50",0.5,"vb","al","vb_diagnostic","elbo",49,-4527.79910723638
"qdesn_latent_path_rhs_al_vb_main_p50","qdesn_latent_path_rhs_al_vb_main_p50",0.5,"vb","al","vb_diagnostic","elbo",50,-4527.43373043529
"qdesn_latent_path_rhs_al_vb_main_p50","qdesn_latent_path_rhs_al_vb_main_p50",0.5,"vb","al","vb_diagnostic","elbo",51,-4526.3284550339
"qdesn_latent_path_rhs_al_vb_main_p50","qdesn_latent_path_rhs_al_vb_main_p50",0.5,"vb","al","vb_diagnostic","elbo",52,-4524.84306047552
"qdesn_latent_path_rhs_al_vb_main_p50","qdesn_latent_path_rhs_al_vb_main_p50",0.5,"vb","al","vb_diagnostic","elbo",53,-4523.33651069946
"qdesn_latent_path_rhs_al_vb_main_p50","qdesn_latent_path_rhs_al_vb_main_p50",0.5,"vb","al","vb_diagnostic","elbo",54,-4522.20611124097
"qdesn_latent_path_rhs_al_vb_main_p50","qdesn_latent_path_rhs_al_vb_main_p50",0.5,"vb","al","vb_diagnostic","elbo",55,-4521.31290566868
"qdesn_latent_path_rhs_al_vb_main_p50","qdesn_latent_path_rhs_al_vb_main_p50",0.5,"vb","al","vb_diagnostic","elbo",56,-4520.71134727667
"qdesn_latent_path_rhs_al_vb_main_p50","qdesn_latent_path_rhs_al_vb_main_p50",0.5,"vb","al","vb_diagnostic","elbo",57,-4520.25172974888
"qdesn_latent_path_rhs_al_vb_main_p50","qdesn_latent_path_rhs_al_vb_main_p50",0.5,"vb","al","vb_diagnostic","elbo",58,-4519.91794336798
"qdesn_latent_path_rhs_al_vb_main_p50","qdesn_latent_path_rhs_al_vb_main_p50",0.5,"vb","al","vb_diagnostic","elbo",59,-4519.65214365146
"qdesn_latent_path_rhs_al_vb_main_p50","qdesn_latent_path_rhs_al_vb_main_p50",0.5,"vb","al","vb_diagnostic","elbo",60,-4519.43547954461
"qdesn_latent_path_rhs_al_vb_main_p50","qdesn_latent_path_rhs_al_vb_main_p50",0.5,"vb","al","vb_diagnostic","elbo",61,-4519.25187487319
"qdesn_latent_path_rhs_al_vb_main_p50","qdesn_latent_path_rhs_al_vb_main_p50",0.5,"vb","al","vb_diagnostic","elbo",62,-4519.08576075736
"qdesn_latent_path_rhs_al_vb_main_p50","qdesn_latent_path_rhs_al_vb_main_p50",0.5,"vb","al","vb_diagnostic","elbo",63,-4518.93270908109
"qdesn_latent_path_rhs_al_vb_main_p50","qdesn_latent_path_rhs_al_vb_main_p50",0.5,"vb","al","vb_diagnostic","elbo",64,-4518.77697641043
"qdesn_latent_path_rhs_al_vb_main_p50","qdesn_latent_path_rhs_al_vb_main_p50",0.5,"vb","al","vb_diagnostic","elbo",65,-4518.61522101245
"qdesn_latent_path_rhs_al_vb_main_p50","qdesn_latent_path_rhs_al_vb_main_p50",0.5,"vb","al","vb_diagnostic","elbo",66,-4518.4313586528
"qdesn_latent_path_rhs_al_vb_main_p50","qdesn_latent_path_rhs_al_vb_main_p50",0.5,"vb","al","vb_diagnostic","elbo",67,-4518.22429459188
"qdesn_latent_path_rhs_al_vb_main_p50","qdesn_latent_path_rhs_al_vb_main_p50",0.5,"vb","al","vb_diagnostic","elbo",68,-4517.98613890116
"qdesn_latent_path_rhs_al_vb_main_p50","qdesn_latent_path_rhs_al_vb_main_p50",0.5,"vb","al","vb_diagnostic","elbo",69,-4517.73154757107
"qdesn_latent_path_rhs_al_vb_main_p50","qdesn_latent_path_rhs_al_vb_main_p50",0.5,"vb","al","vb_diagnostic","elbo",70,-4517.46458837098
"qdesn_latent_path_rhs_al_vb_main_p50","qdesn_latent_path_rhs_al_vb_main_p50",0.5,"vb","al","vb_diagnostic","elbo",71,-4517.20244176569
"qdesn_latent_path_rhs_al_vb_main_p50","qdesn_latent_path_rhs_al_vb_main_p50",0.5,"vb","al","vb_diagnostic","elbo",72,-4516.94524036359
"qdesn_latent_path_rhs_al_vb_main_p50","qdesn_latent_path_rhs_al_vb_main_p50",0.5,"vb","al","vb_diagnostic","elbo",73,-4516.70143610262
"qdesn_latent_path_rhs_al_vb_main_p50","qdesn_latent_path_rhs_al_vb_main_p50",0.5,"vb","al","vb_diagnostic","elbo",74,-4516.46330389335
"qdesn_latent_path_rhs_al_vb_main_p50","qdesn_latent_path_rhs_al_vb_main_p50",0.5,"vb","al","vb_diagnostic","elbo",75,-4516.25535704281
"qdesn_latent_path_rhs_al_vb_main_p50","qdesn_latent_path_rhs_al_vb_main_p50",0.5,"vb","al","vb_diagnostic","elbo",76,-4516.05997115724
"qdesn_latent_path_rhs_al_vb_main_p50","qdesn_latent_path_rhs_al_vb_main_p50",0.5,"vb","al","vb_diagnostic","elbo",77,-4515.9234234024
"qdesn_latent_path_rhs_al_vb_main_p50","qdesn_latent_path_rhs_al_vb_main_p50",0.5,"vb","al","vb_diagnostic","elbo",78,-4515.84374906918
"qdesn_latent_path_rhs_al_vb_main_p50","qdesn_latent_path_rhs_al_vb_main_p50",0.5,"vb","al","vb_diagnostic","elbo",79,-4515.88458800839
"qdesn_latent_path_rhs_al_vb_main_p50","qdesn_latent_path_rhs_al_vb_main_p50",0.5,"vb","al","vb_diagnostic","elbo",80,-4516.22268242772
"qdesn_latent_path_rhs_al_vb_main_p50","qdesn_latent_path_rhs_al_vb_main_p50",0.5,"vb","al","vb_diagnostic","elbo",81,-4516.75667706851
"qdesn_latent_path_rhs_al_vb_main_p50","qdesn_latent_path_rhs_al_vb_main_p50",0.5,"vb","al","vb_diagnostic","elbo",82,-4517.54805345364
"qdesn_latent_path_rhs_al_vb_main_p50","qdesn_latent_path_rhs_al_vb_main_p50",0.5,"vb","al","vb_diagnostic","elbo",83,-4517.49412105789
"qdesn_latent_path_rhs_al_vb_main_p50","qdesn_latent_path_rhs_al_vb_main_p50",0.5,"vb","al","vb_diagnostic","elbo",84,-4517.04328533805
"qdesn_latent_path_rhs_al_vb_main_p50","qdesn_latent_path_rhs_al_vb_main_p50",0.5,"vb","al","vb_diagnostic","elbo",85,-4516.44880037834
"qdesn_latent_path_rhs_al_vb_main_p50","qdesn_latent_path_rhs_al_vb_main_p50",0.5,"vb","al","vb_diagnostic","elbo",86,-4515.90843584684
"qdesn_latent_path_rhs_al_vb_main_p50","qdesn_latent_path_rhs_al_vb_main_p50",0.5,"vb","al","vb_diagnostic","elbo",87,-4515.44514088449
"qdesn_latent_path_rhs_al_vb_main_p50","qdesn_latent_path_rhs_al_vb_main_p50",0.5,"vb","al","vb_diagnostic","elbo",88,-4515.09656117729
"qdesn_latent_path_rhs_al_vb_main_p50","qdesn_latent_path_rhs_al_vb_main_p50",0.5,"vb","al","vb_diagnostic","elbo",89,-4514.80110623684
"qdesn_latent_path_rhs_al_vb_main_p50","qdesn_latent_path_rhs_al_vb_main_p50",0.5,"vb","al","vb_diagnostic","elbo",90,-4514.58806980866
"qdesn_latent_path_rhs_al_vb_main_p50","qdesn_latent_path_rhs_al_vb_main_p50",0.5,"vb","al","vb_diagnostic","elbo",91,-4514.38392743979
"qdesn_latent_path_rhs_al_vb_main_p50","qdesn_latent_path_rhs_al_vb_main_p50",0.5,"vb","al","vb_diagnostic","elbo",92,-4514.23874846702
"qdesn_latent_path_rhs_al_vb_main_p50","qdesn_latent_path_rhs_al_vb_main_p50",0.5,"vb","al","vb_diagnostic","elbo",93,-4514.07782810801
"qdesn_latent_path_rhs_al_vb_main_p50","qdesn_latent_path_rhs_al_vb_main_p50",0.5,"vb","al","vb_diagnostic","elbo",94,-4513.95929889147
"qdesn_latent_path_rhs_al_vb_main_p50","qdesn_latent_path_rhs_al_vb_main_p50",0.5,"vb","al","vb_diagnostic","elbo",95,-4513.81472960042
"qdesn_latent_path_rhs_al_vb_main_p50","qdesn_latent_path_rhs_al_vb_main_p50",0.5,"vb","al","vb_diagnostic","elbo",96,-4513.68937646163
"qdesn_latent_path_rhs_al_vb_main_p50","qdesn_latent_path_rhs_al_vb_main_p50",0.5,"vb","al","vb_diagnostic","elbo",97,-4513.51186048033
"qdesn_latent_path_rhs_al_vb_main_p50","qdesn_latent_path_rhs_al_vb_main_p50",0.5,"vb","al","vb_diagnostic","elbo",98,-4513.39151055463
"qdesn_latent_path_rhs_al_vb_main_p50","qdesn_latent_path_rhs_al_vb_main_p50",0.5,"vb","al","vb_diagnostic","elbo",99,-4513.13376324443
"qdesn_latent_path_rhs_al_vb_main_p50","qdesn_latent_path_rhs_al_vb_main_p50",0.5,"vb","al","vb_diagnostic","elbo",100,-4512.99863710412
"qdesn_latent_path_rhs_al_vb_main_p50","qdesn_latent_path_rhs_al_vb_main_p50",0.5,"vb","al","vb_diagnostic","elbo",101,-4512.69601452632
"qdesn_latent_path_rhs_al_vb_main_p50","qdesn_latent_path_rhs_al_vb_main_p50",0.5,"vb","al","vb_diagnostic","elbo",102,-4512.53421404931
"qdesn_latent_path_rhs_al_vb_main_p50","qdesn_latent_path_rhs_al_vb_main_p50",0.5,"vb","al","vb_diagnostic","elbo",103,-4512.27769885051
"qdesn_latent_path_rhs_al_vb_main_p50","qdesn_latent_path_rhs_al_vb_main_p50",0.5,"vb","al","vb_diagnostic","elbo",104,-4512.12540171447
"qdesn_latent_path_rhs_al_vb_main_p50","qdesn_latent_path_rhs_al_vb_main_p50",0.5,"vb","al","vb_diagnostic","elbo",105,-4511.90608291606
"qdesn_latent_path_rhs_al_vb_main_p50","qdesn_latent_path_rhs_al_vb_main_p50",0.5,"vb","al","vb_diagnostic","elbo",106,-4511.75635473766
"qdesn_latent_path_rhs_al_vb_main_p50","qdesn_latent_path_rhs_al_vb_main_p50",0.5,"vb","al","vb_diagnostic","elbo",107,-4511.53892610644
"qdesn_latent_path_rhs_al_vb_main_p50","qdesn_latent_path_rhs_al_vb_main_p50",0.5,"vb","al","vb_diagnostic","elbo",108,-4511.35766494292
"qdesn_latent_path_rhs_al_vb_main_p50","qdesn_latent_path_rhs_al_vb_main_p50",0.5,"vb","al","vb_diagnostic","elbo",109,-4511.08771964271
"qdesn_latent_path_rhs_al_vb_main_p50","qdesn_latent_path_rhs_al_vb_main_p50",0.5,"vb","al","vb_diagnostic","elbo",110,-4510.79942754331
"qdesn_latent_path_rhs_al_vb_main_p50","qdesn_latent_path_rhs_al_vb_main_p50",0.5,"vb","al","vb_diagnostic","elbo",111,-4510.337945054
"qdesn_latent_path_rhs_al_vb_main_p50","qdesn_latent_path_rhs_al_vb_main_p50",0.5,"vb","al","vb_diagnostic","elbo",112,-4509.6011206533
"qdesn_latent_path_rhs_al_vb_main_p50","qdesn_latent_path_rhs_al_vb_main_p50",0.5,"vb","al","vb_diagnostic","elbo",113,-4508.74413155448
"qdesn_latent_path_rhs_al_vb_main_p50","qdesn_latent_path_rhs_al_vb_main_p50",0.5,"vb","al","vb_diagnostic","elbo",114,-4508.11467969252
"qdesn_latent_path_rhs_al_vb_main_p50","qdesn_latent_path_rhs_al_vb_main_p50",0.5,"vb","al","vb_diagnostic","elbo",115,-4507.73549116229
"qdesn_latent_path_rhs_al_vb_main_p50","qdesn_latent_path_rhs_al_vb_main_p50",0.5,"vb","al","vb_diagnostic","elbo",116,-4507.5090688222
"qdesn_latent_path_rhs_al_vb_main_p50","qdesn_latent_path_rhs_al_vb_main_p50",0.5,"vb","al","vb_diagnostic","elbo",117,-4507.40414844675
"qdesn_latent_path_rhs_al_vb_main_p50","qdesn_latent_path_rhs_al_vb_main_p50",0.5,"vb","al","vb_diagnostic","elbo",118,-4507.36415378314
"qdesn_latent_path_rhs_al_vb_main_p50","qdesn_latent_path_rhs_al_vb_main_p50",0.5,"vb","al","vb_diagnostic","elbo",119,-4507.40796743592
"qdesn_latent_path_rhs_al_vb_main_p50","qdesn_latent_path_rhs_al_vb_main_p50",0.5,"vb","al","vb_diagnostic","elbo",120,-4507.43961360839
"qdesn_latent_path_rhs_al_vb_main_p50","qdesn_latent_path_rhs_al_vb_main_p50",0.5,"vb","al","vb_diagnostic","elbo",121,-4507.51977297333
"qdesn_latent_path_rhs_al_vb_main_p50","qdesn_latent_path_rhs_al_vb_main_p50",0.5,"vb","al","vb_diagnostic","elbo",122,-4507.46344263904
"qdesn_latent_path_rhs_al_vb_main_p50","qdesn_latent_path_rhs_al_vb_main_p50",0.5,"vb","al","vb_diagnostic","elbo",123,-4507.44545982553
"qdesn_latent_path_rhs_al_vb_main_p50","qdesn_latent_path_rhs_al_vb_main_p50",0.5,"vb","al","vb_diagnostic","elbo",124,-4507.27003948379
"qdesn_latent_path_rhs_al_vb_main_p50","qdesn_latent_path_rhs_al_vb_main_p50",0.5,"vb","al","vb_diagnostic","elbo",125,-4507.18419548841
"qdesn_latent_path_rhs_al_vb_main_p50","qdesn_latent_path_rhs_al_vb_main_p50",0.5,"vb","al","vb_diagnostic","elbo",126,-4506.99538521236
"qdesn_latent_path_rhs_al_vb_main_p50","qdesn_latent_path_rhs_al_vb_main_p50",0.5,"vb","al","vb_diagnostic","elbo",127,-4506.92081561397
"qdesn_latent_path_rhs_al_vb_main_p50","qdesn_latent_path_rhs_al_vb_main_p50",0.5,"vb","al","vb_diagnostic","elbo",128,-4506.77327901865
"qdesn_latent_path_rhs_al_vb_main_p50","qdesn_latent_path_rhs_al_vb_main_p50",0.5,"vb","al","vb_diagnostic","elbo",129,-4506.73350806787
"qdesn_latent_path_rhs_al_vb_main_p50","qdesn_latent_path_rhs_al_vb_main_p50",0.5,"vb","al","vb_diagnostic","elbo",130,-4506.62750854008
"qdesn_latent_path_rhs_al_vb_main_p50","qdesn_latent_path_rhs_al_vb_main_p50",0.5,"vb","al","vb_diagnostic","elbo",131,-4506.61693334791
"qdesn_latent_path_rhs_al_vb_main_p50","qdesn_latent_path_rhs_al_vb_main_p50",0.5,"vb","al","vb_diagnostic","elbo",132,-4506.53944041575
"qdesn_latent_path_rhs_al_vb_main_p50","qdesn_latent_path_rhs_al_vb_main_p50",0.5,"vb","al","vb_diagnostic","elbo",133,-4506.54851160332
"qdesn_latent_path_rhs_al_vb_main_p50","qdesn_latent_path_rhs_al_vb_main_p50",0.5,"vb","al","vb_diagnostic","elbo",134,-4506.48863516766
"qdesn_latent_path_rhs_al_vb_main_p50","qdesn_latent_path_rhs_al_vb_main_p50",0.5,"vb","al","vb_diagnostic","elbo",135,-4506.51064724376
"qdesn_latent_path_rhs_al_vb_main_p50","qdesn_latent_path_rhs_al_vb_main_p50",0.5,"vb","al","vb_diagnostic","elbo",136,-4506.4619327218
"qdesn_latent_path_rhs_al_vb_main_p50","qdesn_latent_path_rhs_al_vb_main_p50",0.5,"vb","al","vb_diagnostic","elbo",137,-4506.4934005206
"qdesn_latent_path_rhs_al_vb_main_p50","qdesn_latent_path_rhs_al_vb_main_p50",0.5,"vb","al","vb_diagnostic","elbo",138,-4506.45356994829
"qdesn_latent_path_rhs_al_vb_main_p50","qdesn_latent_path_rhs_al_vb_main_p50",0.5,"vb","al","vb_diagnostic","elbo",139,-4506.49248996367
"qdesn_latent_path_rhs_al_vb_main_p50","qdesn_latent_path_rhs_al_vb_main_p50",0.5,"vb","al","vb_diagnostic","elbo",140,-4506.46446551357
"qdesn_latent_path_rhs_al_vb_main_p50","qdesn_latent_path_rhs_al_vb_main_p50",0.5,"vb","al","vb_diagnostic","elbo",141,-4506.50434361469
"qdesn_latent_path_rhs_al_vb_main_p50","qdesn_latent_path_rhs_al_vb_main_p50",0.5,"vb","al","vb_diagnostic","elbo",142,-4506.49348674477
"qdesn_latent_path_rhs_al_vb_main_p50","qdesn_latent_path_rhs_al_vb_main_p50",0.5,"vb","al","vb_diagnostic","elbo",143,-4506.51411369764
"qdesn_latent_path_rhs_al_vb_main_p50","qdesn_latent_path_rhs_al_vb_main_p50",0.5,"vb","al","vb_diagnostic","elbo",144,-4506.50557334995
"qdesn_latent_path_rhs_al_vb_main_p50","qdesn_latent_path_rhs_al_vb_main_p50",0.5,"vb","al","vb_diagnostic","elbo",145,-4506.47542704804
"qdesn_latent_path_rhs_al_vb_main_p50","qdesn_latent_path_rhs_al_vb_main_p50",0.5,"vb","al","vb_diagnostic","elbo",146,-4506.43328997864
"qdesn_latent_path_rhs_al_vb_main_p50","qdesn_latent_path_rhs_al_vb_main_p50",0.5,"vb","al","vb_diagnostic","elbo",147,-4506.34349101075
"qdesn_latent_path_rhs_al_vb_main_p50","qdesn_latent_path_rhs_al_vb_main_p50",0.5,"vb","al","vb_diagnostic","elbo",148,-4506.26320636019
"qdesn_latent_path_rhs_al_vb_main_p50","qdesn_latent_path_rhs_al_vb_main_p50",0.5,"vb","al","vb_diagnostic","elbo",149,-4506.14533072061
"qdesn_latent_path_rhs_al_vb_main_p50","qdesn_latent_path_rhs_al_vb_main_p50",0.5,"vb","al","vb_diagnostic","elbo",150,-4506.05733714314
"qdesn_latent_path_rhs_al_vb_main_p50","qdesn_latent_path_rhs_al_vb_main_p50",0.5,"vb","al","vb_diagnostic","elbo",151,-4505.94777625076
"qdesn_latent_path_rhs_al_vb_main_p50","qdesn_latent_path_rhs_al_vb_main_p50",0.5,"vb","al","vb_diagnostic","elbo",152,-4505.87791715225
"qdesn_latent_path_rhs_al_vb_main_p50","qdesn_latent_path_rhs_al_vb_main_p50",0.5,"vb","al","vb_diagnostic","elbo",153,-4505.792669704
"qdesn_latent_path_rhs_al_vb_main_p50","qdesn_latent_path_rhs_al_vb_main_p50",0.5,"vb","al","vb_diagnostic","elbo",154,-4505.74923091311
"qdesn_latent_path_rhs_al_vb_main_p50","qdesn_latent_path_rhs_al_vb_main_p50",0.5,"vb","al","vb_diagnostic","elbo",155,-4505.68824141628
"qdesn_latent_path_rhs_al_vb_main_p50","qdesn_latent_path_rhs_al_vb_main_p50",0.5,"vb","al","vb_diagnostic","elbo",156,-4505.66925841107
"qdesn_latent_path_rhs_al_vb_main_p50","qdesn_latent_path_rhs_al_vb_main_p50",0.5,"vb","al","vb_diagnostic","elbo",157,-4505.62644478594
"qdesn_latent_path_rhs_al_vb_main_p50","qdesn_latent_path_rhs_al_vb_main_p50",0.5,"vb","al","vb_diagnostic","elbo",158,-4505.62683641706
"qdesn_latent_path_rhs_al_vb_main_p50","qdesn_latent_path_rhs_al_vb_main_p50",0.5,"vb","al","vb_diagnostic","elbo",159,-4505.59551034422
"qdesn_latent_path_rhs_al_vb_main_p50","qdesn_latent_path_rhs_al_vb_main_p50",0.5,"vb","al","vb_diagnostic","elbo",160,-4505.61018927987
"qdesn_latent_path_rhs_al_vb_main_p50","qdesn_latent_path_rhs_al_vb_main_p50",0.5,"vb","al","vb_diagnostic","elbo",161,-4505.58494106396
"qdesn_latent_path_rhs_al_vb_main_p50","qdesn_latent_path_rhs_al_vb_main_p50",0.5,"vb","al","vb_diagnostic","elbo",162,-4505.60974668734
"qdesn_latent_path_rhs_al_vb_main_p50","qdesn_latent_path_rhs_al_vb_main_p50",0.5,"vb","al","vb_diagnostic","elbo",163,-4505.58685162094
"qdesn_latent_path_rhs_al_vb_main_p50","qdesn_latent_path_rhs_al_vb_main_p50",0.5,"vb","al","vb_diagnostic","elbo",164,-4505.61866436063
"qdesn_latent_path_rhs_al_vb_main_p50","qdesn_latent_path_rhs_al_vb_main_p50",0.5,"vb","al","vb_diagnostic","elbo",165,-4505.5959274466
"qdesn_latent_path_rhs_al_vb_main_p50","qdesn_latent_path_rhs_al_vb_main_p50",0.5,"vb","al","vb_diagnostic","elbo",166,-4505.6325112758
"qdesn_latent_path_rhs_al_vb_main_p50","qdesn_latent_path_rhs_al_vb_main_p50",0.5,"vb","al","vb_diagnostic","elbo",167,-4505.6088968569
"qdesn_latent_path_rhs_al_vb_main_p50","qdesn_latent_path_rhs_al_vb_main_p50",0.5,"vb","al","vb_diagnostic","elbo",168,-4505.64868920634
"qdesn_latent_path_rhs_al_vb_main_p50","qdesn_latent_path_rhs_al_vb_main_p50",0.5,"vb","al","vb_diagnostic","elbo",169,-4505.62390552416
"qdesn_latent_path_rhs_al_vb_main_p50","qdesn_latent_path_rhs_al_vb_main_p50",0.5,"vb","al","vb_diagnostic","elbo",170,-4505.66582529686
"qdesn_latent_path_rhs_al_vb_main_p50","qdesn_latent_path_rhs_al_vb_main_p50",0.5,"vb","al","vb_diagnostic","elbo",171,-4505.63995898469
"qdesn_latent_path_rhs_al_vb_main_p50","qdesn_latent_path_rhs_al_vb_main_p50",0.5,"vb","al","vb_diagnostic","elbo",172,-4505.68324230261
"qdesn_latent_path_rhs_al_vb_main_p50","qdesn_latent_path_rhs_al_vb_main_p50",0.5,"vb","al","vb_diagnostic","elbo",173,-4505.65649375751
"qdesn_latent_path_rhs_al_vb_main_p50","qdesn_latent_path_rhs_al_vb_main_p50",0.5,"vb","al","vb_diagnostic","elbo",174,-4505.70056563991
"qdesn_latent_path_rhs_al_vb_main_p50","qdesn_latent_path_rhs_al_vb_main_p50",0.5,"vb","al","vb_diagnostic","elbo",175,-4505.67310071689
"qdesn_latent_path_rhs_al_vb_main_p50","qdesn_latent_path_rhs_al_vb_main_p50",0.5,"vb","al","vb_diagnostic","elbo",176,-4505.71749457413
"qdesn_latent_path_rhs_al_vb_main_p50","qdesn_latent_path_rhs_al_vb_main_p50",0.5,"vb","al","vb_diagnostic","elbo",177,-4505.68939549708
"qdesn_latent_path_rhs_al_vb_main_p50","qdesn_latent_path_rhs_al_vb_main_p50",0.5,"vb","al","vb_diagnostic","elbo",178,-4505.73372002658
"qdesn_latent_path_rhs_al_vb_main_p50","qdesn_latent_path_rhs_al_vb_main_p50",0.5,"vb","al","vb_diagnostic","elbo",179,-4505.70499863485
"qdesn_latent_path_rhs_al_vb_main_p50","qdesn_latent_path_rhs_al_vb_main_p50",0.5,"vb","al","vb_diagnostic","elbo",180,-4505.748936509
"qdesn_latent_path_rhs_al_vb_main_p50","qdesn_latent_path_rhs_al_vb_main_p50",0.5,"vb","al","vb_diagnostic","elbo",181,-4505.71957147307
"qdesn_latent_path_rhs_al_vb_main_p50","qdesn_latent_path_rhs_al_vb_main_p50",0.5,"vb","al","vb_diagnostic","elbo",182,-4505.76288895421
"qdesn_latent_path_rhs_al_vb_main_p50","qdesn_latent_path_rhs_al_vb_main_p50",0.5,"vb","al","vb_diagnostic","elbo",183,-4505.73286003577
"qdesn_latent_path_rhs_al_vb_main_p50","qdesn_latent_path_rhs_al_vb_main_p50",0.5,"vb","al","vb_diagnostic","elbo",184,-4505.77541184196
"qdesn_latent_path_rhs_al_vb_main_p50","qdesn_latent_path_rhs_al_vb_main_p50",0.5,"vb","al","vb_diagnostic","elbo",185,-4505.74471930866
"qdesn_latent_path_rhs_al_vb_main_p50","qdesn_latent_path_rhs_al_vb_main_p50",0.5,"vb","al","vb_diagnostic","elbo",186,-4505.78644246593
"qdesn_latent_path_rhs_al_vb_main_p50","qdesn_latent_path_rhs_al_vb_main_p50",0.5,"vb","al","vb_diagnostic","elbo",187,-4505.75511144831
"qdesn_latent_path_rhs_al_vb_main_p50","qdesn_latent_path_rhs_al_vb_main_p50",0.5,"vb","al","vb_diagnostic","elbo",188,-4505.79600967111
"qdesn_latent_path_rhs_al_vb_main_p50","qdesn_latent_path_rhs_al_vb_main_p50",0.5,"vb","al","vb_diagnostic","elbo",189,-4505.76408497244
"qdesn_latent_path_rhs_al_vb_main_p50","qdesn_latent_path_rhs_al_vb_main_p50",0.5,"vb","al","vb_diagnostic","elbo",190,-4505.80420870869
"qdesn_latent_path_rhs_al_vb_main_p50","qdesn_latent_path_rhs_al_vb_main_p50",0.5,"vb","al","vb_diagnostic","elbo",191,-4505.77174624772
"qdesn_latent_path_rhs_al_vb_main_p50","qdesn_latent_path_rhs_al_vb_main_p50",0.5,"vb","al","vb_diagnostic","elbo",192,-4505.81117341884
"qdesn_latent_path_rhs_al_vb_main_p50","qdesn_latent_path_rhs_al_vb_main_p50",0.5,"vb","al","vb_diagnostic","elbo",193,-4505.7782324752
"qdesn_latent_path_rhs_al_vb_main_p50","qdesn_latent_path_rhs_al_vb_main_p50",0.5,"vb","al","vb_diagnostic","elbo",194,-4505.81705295519
"qdesn_latent_path_rhs_al_vb_main_p50","qdesn_latent_path_rhs_al_vb_main_p50",0.5,"vb","al","vb_diagnostic","elbo",195,-4505.78369094215
"qdesn_latent_path_rhs_al_vb_main_p50","qdesn_latent_path_rhs_al_vb_main_p50",0.5,"vb","al","vb_diagnostic","elbo",196,-4505.82199571103
"qdesn_latent_path_rhs_al_vb_main_p50","qdesn_latent_path_rhs_al_vb_main_p50",0.5,"vb","al","vb_diagnostic","elbo",197,-4505.78826548453
"qdesn_latent_path_rhs_al_vb_main_p50","qdesn_latent_path_rhs_al_vb_main_p50",0.5,"vb","al","vb_diagnostic","elbo",198,-4505.82613998639
"qdesn_latent_path_rhs_al_vb_main_p50","qdesn_latent_path_rhs_al_vb_main_p50",0.5,"vb","al","vb_diagnostic","elbo",199,-4505.79208894503
"qdesn_latent_path_rhs_al_vb_main_p50","qdesn_latent_path_rhs_al_vb_main_p50",0.5,"vb","al","vb_diagnostic","elbo",200,-4505.8296096173
